county_fips,share_dem_20,share_dem_24
1001,0.274423027687356,0.2664112022347169
1003,0.22731728972826992,0.20652353974091375
1005,0.461391071086415,0.4258500614502253
1007,0.208810850594049,0.17615058209117615
1009,0.09652297905012613,0.09223057644110276
1011,0.7504355400696864,0.730411361410382
1013,0.420778945134246,0.38596699513237565
1015,0.30240276646063957,0.27426932191410636
1017,0.4210212991136394,0.38289883819778975
1019,0.1330384205783567,0.12028502827046704
1021,0.16040296481887462,0.13752676113773066
1023,0.42125825138084333,0.38002417648836506
1025,0.44001835002676043,0.4143121426168853
1027,0.18447874199184625,0.14761409246320797
1029,0.09428691157982959,0.07967865138943764
1031,0.23098976109215016,0.20822773352643012
1033,0.30287519059028534,0.2658001564187554
1035,0.46285892634207243,0.42978510744627685
1037,0.33093790307720655,0.2822765469824293
1039,0.15721962211821805,0.13618974751338944
1041,0.258988421694089,0.2256465851014403
1043,0.10827409449199671,0.0944950050300634
1045,0.2654958147178144,0.23649789029535864
1047,0.6888588487101498,0.6635550369506029
1049,0.14737675571467915,0.1278622707631588
1051,0.25577952678196936,0.23753280839895013
1053,0.31152213846836,0.26697198275862066
1055,0.245609937360654,0.21950525394045534
1057,0.1604370327774583,0.13759036144578313
1059,0.16738886214090837,0.1308302044221944
1061,0.12818452141766454,0.11290584415584416
1063,0.8161378440848918,0.7797411647585863
1065,0.5950234860987685,0.5344756114412049
1067,0.28286117442743947,0.24459576307825334
1069,0.2836719007356978,0.2590538782775382
1071,0.15893445076324453,0.14030579468071439
1073,0.5668344091523129,0.5528398724572442
1075,0.13674496644295303,0.11785348735195204
1077,0.2730543587863232,0.23994980712924663
1079,0.22425081843364392,0.18635596926344725
1081,0.39753998944078994,0.35921356762928514
1083,0.2829938731578076,0.2779027216589159
1085,0.7303172737955347,0.6874666666666667
1087,0.8218291131922766,0.7834148853978883
1089,0.4592404743615376,0.4544485495772403
1091,0.5066937494229526,0.4810928734676917
1093,0.10703833772314895,0.08904924862371671
1095,0.1518628302754638,0.13887013279315777
1097,0.4397704698506505,0.41695117293737777
1099,0.4202037351443124,0.3837078075305222
1101,0.6595359771054783,0.6553272338644923
1103,0.2501795909108095,0.2345148653507693
1105,0.7424504712444701,0.7143821742066172
1107,0.418261231281198,0.38269513159381
1109,0.4120485451089341,0.37331402880438924
1111,0.20470172830328934,0.17419706042460534
1113,0.5323345344206334,0.508390243902439
1115,0.1763607378729219,0.1770937159546603
1117,0.2944904751788117,0.29344673755908934
1119,0.7441562600064041,0.707233719384849
1121,0.37141322477595906,0.33026244014788775
1123,0.2813850734799731,0.25051613877838763
1125,0.42488917891136563,0.39702578367390606
1127,0.1567648203398625,0.13874044510586483
1129,0.2559510315121288,0.22186495176848875
1131,0.6883183132120387,0.6579549790156429
1133,0.08720565851911541,0.07981941309255079
4001,0.6705916222829998,0.5959516215618783
4003,0.4002766111757662,0.3828822640472592
4005,0.6229686411149826,0.6008106543138391
4007,0.32734260614934113,0.3103083378945448
4009,0.27288101197321246,0.2570459984046796
4011,0.3269709543568465,0.29245861434702636
4012,0.3035980991174474,0.27750627394003435
4013,0.5110754606447824,0.48239888124665586
4015,0.24022405820095583,0.21938887066797857
4017,0.4581308777429467,0.41314647449934305
4019,0.5948074946512748,0.5766891005858585
4021,0.4122558087198037,0.3885500669614899
4023,0.6795985930064142,0.5940202488926387
4025,0.35146568033501263,0.3290288593369039
4027,0.4685499825439311,0.3969778593417002
5001,0.29696177719699446,0.2755775577557756
5003,0.2769451322820279,0.2563954328660211
5005,0.22641785941087392,0.21078955035447217
5007,0.3635448396922918,0.36144896034777607
5009,0.18329743957884662,0.16965878016882655
5011,0.3420681882220344,0.3027725267800882
5013,0.2264775413711584,0.18460789089137847
5015,0.35144579365772693,0.3378833540152455
5017,0.5633100697906281,0.519976838448176
5019,0.4268686367022598,0.39532398129592516
5021,0.19057052297939778,0.18605128205128205
5023,0.16141604417018512,0.15483407785577535
5025,0.18504832291074474,0.15745192307692307
5027,0.3384652393553043,0.31482190731520493
5029,0.3147189794199061,0.2935746823303764
5031,0.31807145334720777,0.308288872999285
5033,0.21043028091318,0.20339780896953097
5035,0.5372625733577333,0.5116052814454483
5037,0.2637689788627568,0.25676309616888193
5039,0.3797318611987382,0.35
5041,0.5120650241300483,0.4757478942782457
5043,0.3580811808118081,0.32784263553494325
5045,0.3476917828987265,0.33425596414920256
5047,0.18632650136161674,0.18080422659230996
5049,0.20716573258606885,0.1831783259199353
5051,0.3257642529108874,0.31456953642384106
5053,0.15728107169436864,0.14999370831760414
5055,0.19443031536113936,0.18872170781893005
5057,0.32354721549636806,0.2975372759256157
5059,0.2508954737870401,0.2339754234473597
5061,0.28468238793286593,0.26294277929155313
5063,0.19963005122367672,0.19610560093348892
5065,0.18064401981599434,0.16353610201619853
5067,0.2753126260588947,0.2521312872975277
5069,0.611419475961146,0.601880582980724
5071,0.24758702960633336,0.23746196325932606
5073,0.3231895223420647,0.30520332313073895
5075,0.19118428040361127,0.1731562892517495
5077,0.5252860834256183,0.518155854753162
5079,0.27439510768412656,0.24524886877828053
5081,0.24812790933009513,0.22452361226180614
5083,0.19336255479023168,0.18229361225252147
5085,0.22610754142712208,0.22622022322172247
5087,0.21645201495637723,0.20214208242950107
5089,0.2093245829915231,0.19415340835596948
5091,0.262604392205382,0.24143232336173212
5093,0.38451155728024294,0.3391857264876151
5095,0.42607726597325407,0.4197737746124843
5097,0.19353984643897273,0.17758810572687225
5099,0.3353069492053599,0.29779024903542617
5101,0.18174826967444246,0.173725384407877
5103,0.43007858757670364,0.4029286726499764
5105,0.22533956802493876,0.20593485051316376
5107,0.5998344370860927,0.56760098928277
5109,0.15469613259668508,0.13005109150023222
5111,0.19395260147098883,0.17728969279356876
5113,0.15046491969568893,0.14080177078209544
5115,0.24198214061124387,0.23245075195933065
5117,0.19011627906976744,0.16624365482233502
5119,0.615495610804545,0.6135253141352531
5121,0.18493150684931506,0.1749423520368947
5123,0.5264387963774467,0.5037529853292392
5125,0.2887658227848101,0.2947732718076138
5127,0.14020319303338172,0.1273217495506291
5129,0.14874778649127246,0.13390985324947588
5131,0.3171062712049907,0.30767843861981925
5133,0.2232,0.1860164005179111
5135,0.19056706652126498,0.18042226487523993
5137,0.20358868184955142,0.18467017127352892
5139,0.3476528452247541,0.32987183700295764
5141,0.2088632489838731,0.19262734584450403
5143,0.47985283812193413,0.46562506647380403
5145,0.19820954907161803,0.18706682142264963
5147,0.3568153397248854,0.33435987681478224
5149,0.19723502304147467,0.19072327044025159
6001,0.8192111601553381,0.7801339913171128
6003,0.6611111111111111,0.6634349030470914
6005,0.3750575029901555,0.35700197238658776
6007,0.508552180402598,0.48385791022569385
6009,0.37818099683782563,0.35576997597457954
6011,0.4152542372881356,0.35514974433893354
6013,0.731447503175158,0.6962582825493433
6015,0.4199138085832286,0.4155869459327813
6017,0.4549749248627257,0.4383983384185568
6019,0.539946683674183,0.47749030080112864
6021,0.36127690359920417,0.32073986619441164
6023,0.6728185397817789,0.6486416010691178
6025,0.6245475011256191,0.49560128446293866
6027,0.5007564296520424,0.4846002999192525
6029,0.4477622964579486,0.39200709836303055
6031,0.4371887493862664,0.38230729436109673
6033,0.5323902508551881,0.49293007127721056
6035,0.23782819270966096,0.22330359556636928
6037,0.7255831056567208,0.6701215507416056
6039,0.44090891790050624,0.393455227379278
6041,0.839032047089601,0.8284381552857938
6043,0.4072524407252441,0.39169460365523956
6045,0.684487145948774,0.6399925486334727
6047,0.5542720731320994,0.4776279042129657
6049,0.2700164357830477,0.2589928057553957
6051,0.6149249157217285,0.6055708390646493
6053,0.7110862890946759,0.6540348312553589
6055,0.7066942817017292,0.6797652944045054
6057,0.5758655643194273,0.5634328980503994
6059,0.5461289346510952,0.5137076639045379
6061,0.46595046150760605,0.4561582104353244
6063,0.41441032164274033,0.4125192406362237
6065,0.5405689056537316,0.4935032590208846
6067,0.6295341560353778,0.6021170767424538
6069,0.6247076334254731,0.5646739332614114
6071,0.5544947428343445,0.48899301851376714
6073,0.6164906208299888,0.5864682617684411
6075,0.8701783129646803,0.8379707646390362
6077,0.5709320247311638,0.4954057024835415
6079,0.56701295699408,0.5560083694596776
6081,0.7940911184201562,0.7602550903862342
6083,0.6640963929299588,0.6376362285567454
6085,0.7422322686495816,0.7077270988875771
6087,0.8092050742653152,0.7830759211016003
6089,0.330436506625252,0.3130300338067821
6091,0.38995726495726496,0.37551259519625074
6093,0.4192195079316523,0.4006253006253006
6095,0.6550996541342158,0.6183994965878639
6097,0.7638130675458334,0.7390155785800696
6099,0.5040383644623927,0.44374600302600176
6101,0.41605577116573234,0.33906429092424717
6103,0.317660059888778,0.2860946060652828
6105,0.4720980294750787,0.45117907148120856
6107,0.4600721026697475,0.39401073477697574
6109,0.40374827249132034,0.38795831999715497
6111,0.6078119899902078,0.5777559290506876
6113,0.7123827589840869,0.6880189133771807
6115,0.38850065730298206,0.3670933734939759
8001,0.5838448788170139,0.5463096706006694
8003,0.49643423137876386,0.4443226955211615
8005,0.6265421054175344,0.6034913744003848
8007,0.4187296964265711,0.42797632098224075
8009,0.14514652014652016,0.14023457419683835
8011,0.3275167785234899,0.3012610929472209
8013,0.7891710898358053,0.786503375989356
8014,0.6408577977607335,0.6467679187638745
8015,0.5350470781646989,0.5697989448167688
8017,0.11654804270462633,0.10404624277456648
8019,0.5668449197860963,0.5855307640297498
8021,0.4614840989399293,0.4082810539523212
8023,0.6388888888888888,0.5760598503740648
8025,0.25585480093676816,0.25529340592861466
8027,0.3100948131622978,0.315035799522673
8029,0.31036482496836776,0.31773632627252607
8031,0.8139362086300469,0.7884402615740282
8033,0.23846153846153847,0.23197715917202
8035,0.46322419585433977,0.46417415359519715
8037,0.6526685393258427,0.6254106529843859
8039,0.24247988335043474,0.23867447564699404
8041,0.44395494134644115,0.4496181145926106
8043,0.2961102627983605,0.3029912637384758
8045,0.5117768046709129,0.5107187468350157
8047,0.5480769230769231,0.5659050966608085
8049,0.49098300844365683,0.49587036069001567
8051,0.6562988865372228,0.6511913767019667
8053,0.4194078947368421,0.4363327674023769
8055,0.4851600841318065,0.4558107167710508
8057,0.2044392523364486,0.21437422552664187
8059,0.5953878406708596,0.6001337583243213
8061,0.10974244120940649,0.12056737588652482
8063,0.17393589069889648,0.15278922780983786
8065,0.6060526315789474,0.5854632587859425
8067,0.5907823236824703,0.595861790726492
8069,0.5795716169827535,0.5906069680812213
8071,0.44942809407531165,0.43082588111520254
8073,0.18042226487523993,0.17129262490087233
8075,0.21523532265890344,0.21079071636692454
8077,0.35662105620264617,0.37548651187760035
8079,0.4260752688172043,0.4318801089918256
8081,0.17503273679615888,0.17885057471264368
8083,0.38541804253070927,0.3923467660006773
8085,0.3143067424459255,0.3333865432197302
8087,0.28777192070680824,0.2508192973096563
8089,0.3851084285866895,0.3643482266236757
8091,0.599949264332826,0.6082191780821918
8093,0.41222465108458045,0.414859885165824
8095,0.1988543371522095,0.1791304347826087
8097,0.7637862180304189,0.7261076528744049
8099,0.2667398463227223,0.2424901185770751
8101,0.50883474379243,0.4737400019273393
8103,0.1548868028713418,0.17572413793103447
8105,0.40536149471974003,0.38122003636964785
8107,0.6410613679045254,0.6426592797783933
8109,0.5714285714285714,0.5193538555318501
8111,0.6286764705882353,0.6666666666666666
8113,0.775494071146245,0.7535767670296818
8115,0.21167369901547117,0.2126220886551465
8117,0.7035592937113574,0.6916382453251794
8119,0.31951086627519826,0.31813328308523336
8121,0.12449392712550607,0.1189873417721519
8123,0.40726241484541165,0.3923730603066984
8125,0.16046606704824204,0.1660460021905805
10001,0.5207045265950608,0.5101753576372866
10003,0.6881982229938108,0.665395039179874
10005,0.44313277878541496,0.44450538526405275
11001,0.9446695384761944,0.9471981098156043
12001,0.6376638516875658,0.6064512292126646
12003,0.14604244336105535,0.13294875234773276
12005,0.2792903795618846,0.2606155246230532
12007,0.23417815325329777,0.21246213760276936
12009,0.41676673250437674,0.39476361644203195
12011,0.6498396804742055,0.5856397469640301
12013,0.18648773715872283,0.15983093299937381
12015,0.3659493057238824,0.3290490523061905
12017,0.2930639089611008,0.2691330711242216
12019,0.31203531030888376,0.3018696721507199
12021,0.3757594241205203,0.33360156660635293
12023,0.27218320610687025,0.24731698543078123
12027,0.3387686923321667,0.2839764762748731
12029,0.16802067946824226,0.14599531037887203
12031,0.5193227476671642,0.49256952646837754
12033,0.4231964821632071,0.4012285103845772
12035,0.39549744396382225,0.35787022468374347
12037,0.31199411331861665,0.27906282644381436
12039,0.6839275129138792,0.6545764586597843
12041,0.1771756122980719,0.15689606343811952
12043,0.26804722275982196,0.23249619482496195
12045,0.24512225240800198,0.22764039750404438
12047,0.33973693319487713,0.30346160604463185
12049,0.2729216152019002,0.21652034128848768
12051,0.38402804830541487,0.30683946363023445
12053,0.34762023885630633,0.3133594837864157
12055,0.32691899403601554,0.2950454378112345
12057,0.5347907327019673,0.48450424433887185
12059,0.10262105730786317,0.0971900826446281
12061,0.3912899623640349,0.3623705420211198
12063,0.30403522962164103,0.2682327232996449
12065,0.46525787965616044,0.40627962085308056
12067,0.14018691588785046,0.11800909820711801
12069,0.39885080529603945,0.3756831936581854
12071,0.4033718556716853,0.3571162936232531
12073,0.6430825619680686,0.6101331680835544
12075,0.2703232552060643,0.2472874293493956
12077,0.196045197740113,0.16339491916859122
12079,0.4019092566770353,0.3548599670510708
12081,0.4190785162186909,0.38155485120619825
12083,0.36933354384164513,0.3407005347845105
12085,0.3762250028043769,0.34342617243497847
12086,0.5369476065376029,0.4423382399661125
12087,0.45993609955017445,0.4075959724526672
12089,0.2677447101324617,0.26338188298918386
12091,0.30029987899619454,0.285399037220932
12093,0.27679697351828497,0.22963843362942574
12095,0.6168123020805356,0.5688782578795031
12097,0.5697312870000059,0.4926631484103488
12099,0.5643389219857787,0.5038385171800018
12101,0.39864543646675193,0.37258627854670734
12103,0.5011207259341941,0.4736093638899524
12105,0.42707318150367307,0.3956921048903947
12107,0.29208401542687495,0.2594441670827093
12109,0.36528295842010117,0.34179357021996615
12111,0.49212133264704505,0.45436592133181003
12113,0.262978942255493,0.242795175529192
12115,0.44737038140643626,0.4083845922424761
12117,0.5141347485539378,0.4819965502371712
12119,0.3185707150767627,0.31094235086211014
12121,0.21464465183058148,0.19363577922674258
12123,0.22875621890547262,0.20020110608345904
12125,0.17022308438409312,0.15673930589184826
12127,0.4289642439453869,0.3902632356906404
12129,0.2936076817558299,0.27637527302280696
12131,0.2388356243502368,0.20884341311894755
12133,0.19201505358749898,0.17106314948041568
13001,0.21355039502034953,0.18747746665064294
13003,0.264,0.22950819672131148
13005,0.13464024127531238,0.13351273028358518
13007,0.420916720464816,0.40054310930074677
13009,0.5065676439616472,0.488923290450008
13011,0.106795004010542,0.108252334667429
13013,0.28056472609174116,0.2964582522493647
13015,0.24297168579064768,0.24368587558771607
13017,0.3679274292742927,0.33935185185185185
13019,0.1650624349635796,0.1501863354037267
13021,0.6204067631883602,0.6126979514746477
13023,0.23258287537670624,0.22227755644090305
13025,0.09099181073703366,0.08679245283018867
13027,0.3957742484401588,0.3656975935456948
13029,0.32119363142339596,0.31729004364318636
13031,0.3795512063438502,0.3542878242407459
13033,0.49095022624434387,0.4531349242355503
13035,0.2803082191780822,0.2732880937692782
13037,0.5777676120768527,0.561617145640526
13039,0.3431685044796692,0.3205079316656498
13043,0.2882780554293503,0.2621657167908812
13045,0.3022788203753351,0.2930696360312448
13047,0.21595688339200597,0.22103632294715098
13049,0.2442528735632184,0.21824880797572604
13051,0.5951292601860373,0.5907319371279284
13053,0.43115707821590177,0.4172106824925816
13055,0.1869328493647913,0.17777777777777778
13057,0.30049029248967435,0.3033793017766182
13059,0.7138897138897139,0.6934054177969663
13061,0.553921568627451,0.5376569037656904
13063,0.8579131356884172,0.8480644580482535
13065,0.26114426114426115,0.2418188081295212
13067,0.5728291714327766,0.5752046801298469
13069,0.29895950692557494,0.2738634189887139
13071,0.2624162334815557,0.24835496528825837
13073,0.36888131743327657,0.3708211676692347
13075,0.2958758442304929,0.26684856753069575
13077,0.3197685937314261,0.32949657152903944
13079,0.26725136521595233,0.25015812776723595
13081,0.3742939625957073,0.3698714780029659
13083,0.1721031800191074,0.1648459555664662
13085,0.15650969529085873,0.17210377600821988
13087,0.4144925023836353,0.3797776233495483
13089,0.8407345466648842,0.8271313891986793
13091,0.270991890205864,0.2498199279711885
13093,0.46953316953316954,0.4613352545629203
13095,0.7017624039532692,0.7064176671113087
13097,0.6271459541805824,0.6583518423600433
13099,0.4748062015503876,0.44257588187038555
13101,0.11735769501054111,0.08856345885634588
13103,0.24833488850992633,0.2533876465209078
13105,0.31619989017023614,0.2824267782426778
13107,0.3057527280432249,0.2786697247706422
13109,0.3143399810066477,0.2873372781065089
13111,0.1743673247845851,0.17501091090466986
13113,0.465543946605086,0.4840876228057136
13115,0.29191877128089555,0.2890791809947632
13117,0.3314825140774831,0.3326924482783829
13119,0.1494091164884637,0.13604824054188006
13121,0.7347673921991887,0.7267603186206454
13123,0.17920664996027139,0.18560008700853772
13125,0.09955041746949261,0.07978404319136173
13127,0.38270801706065205,0.3694110109377145
13129,0.1842868552692421,0.1813152818721112
13131,0.33971651178071904,0.3081967213114754
13133,0.3664484891957321,0.35462330112341894
13135,0.5925503312977174,0.5835836052634112
13137,0.17634536363186296,0.17413064112520493
13139,0.2805886836441894,0.27972724940298804
13141,0.7205811138014527,0.6773888363292336
13143,0.1268323773103888,0.1266560353287537
13145,0.27594053398058255,0.2684756727615796
13147,0.2501188401204247,0.22488440521227407
13149,0.1542204753883586,0.1386825960607039
13151,0.6034658427963386,0.6492221312434203
13153,0.4369671586765882,0.44331271528575134
13155,0.24336069531627233,0.22792417938049006
13157,0.20573982339004954,0.22295556643743747
13159,0.23222998813134643,0.2070673712021136
13161,0.1796260702428796,0.15770609318996415
13163,0.5342988808426596,0.4938835865035623
13165,0.36941931718704407,0.3471731448763251
13167,0.300098231827112,0.26790650917315906
13169,0.32937525300229387,0.30920314253647585
13171,0.29270472572896883,0.2695274831243973
13173,0.28883219954648526,0.26740123622682077
13175,0.35777905791642667,0.33591065292096217
13177,0.2751584666465439,0.28145582557347265
13179,0.6221335992023929,0.5877292576419214
13181,0.3109663409337676,0.275152749490835
13183,0.36587558432218625,0.3520545997440637
13185,0.4391372685993713,0.40966616212579887
13187,0.20446072339590554,0.18965809550720542
13189,0.4032117635677663,0.3749880941042004
13191,0.3940856970428485,0.35633898305084744
13193,0.6158155569920276,0.5898094626418325
13195,0.23145823437606025,0.22467672413793102
13197,0.36576526345135213,0.3479589003054707
13199,0.39654056054019055,0.3722335716717739
13201,0.2658137882018479,0.24677716390423574
13205,0.447244623655914,0.41814484239069033
13207,0.2839658075378837,0.26577112735929265
13209,0.24873096446700507,0.2340909090909091
13211,0.2894509668508287,0.26924249352232893
13213,0.15093473269924565,0.14112718089990817
13215,0.62154789888502,0.6174386784790513
13217,0.5551641880055164,0.5761595041885174
13219,0.32968453366724565,0.3187398313858897
13221,0.3036981695928278,0.28677309007981755
13223,0.352621954115803,0.3785727125651627
13225,0.47650466688123594,0.46973202955885646
13227,0.16676508798866185,0.16930250444647407
13229,0.12224938875305623,0.11176108374384236
13231,0.14155379984951091,0.13171355498721227
13233,0.21207376478775225,0.19627244646877126
13235,0.30407911001236093,0.29673384294649063
13237,0.2937217820938751,0.2880299251870324
13239,0.4514078110808356,0.4225352112676056
13241,0.2097695072954113,0.2142099681866384
13243,0.5459000326690624,0.5383322125084062
13245,0.6882385126718588,0.6815551732848946
13247,0.7059049513005355,0.7390364560121223
13249,0.20424403183023873,0.18695831613702021
13251,0.40465328467153283,0.3737329858094411
13253,0.32463168777461876,0.29760119940029983
13255,0.3951623680342109,0.41624319143109273
13257,0.20301199693695227,0.18441239644062596
13259,0.5960665658093798,0.5815217391304348
13261,0.5241138872748402,0.5111203665139525
13263,0.602966343411295,0.5600711954909522
13265,0.6091205211726385,0.5748299319727891
13267,0.25406604238541153,0.23190285310068381
13269,0.3644957983193277,0.34442763489662126
13271,0.3450034778576397,0.30304471931493815
13273,0.5424657534246575,0.5205637707948244
13275,0.40171610462702406,0.3791161375300904
13277,0.3302695317351882,0.3211290894059289
13279,0.2717602441957266,0.24572688843962506
13281,0.19536173430804135,0.1873012267151295
13283,0.3118244349819849,0.2774566473988439
13285,0.38954877351189476,0.3774438986805355
13287,0.374933475252794,0.35714285714285715
13289,0.46307204349796105,0.4264176417641764
13291,0.18122977346278318,0.18604520409310693
13293,0.3281286595362636,0.3007485689123734
13295,0.1993573575648689,0.20176813593328735
13297,0.25103915126083687,0.26899606977866647
13299,0.2962620807276862,0.2835435979647313
13301,0.5573272589217919,0.5235885537509667
13303,0.503984698756774,0.4904404774479772
13305,0.21207100591715977,0.20031067386641024
13307,0.4610951008645533,0.4077961019490255
13309,0.3032570422535211,0.2740088105726872
13311,0.16476457322490262,0.15580770379217676
13313,0.2940204823257351,0.2765350434255706
13315,0.26386760649708857,0.25359281437125747
13317,0.4334738109572547,0.4155026559118631
13319,0.4376450728001688,0.41061224489795917
13321,0.25962059620596206,0.24755139382197827
15001,0.6858854580277479,0.6446960240263994
15003,0.6367666503166919,0.610236267510977
15007,0.6469655866126132,0.5995997014722844
15009,0.681323904307874,0.6323342976952833
16001,0.47978012880217163,0.44681481481481483
16003,0.2334123222748815,0.220734506503443
16005,0.3862362875858259,0.3702860100944739
16007,0.10723039215686274,0.10633066994468347
16009,0.20123583934088568,0.18592165440445416
16011,0.21236932900767289,0.19326223462573508
16013,0.6887258687258687,0.6630460448642267
16015,0.2567711665600341,0.22224540901502504
16017,0.3114809400652198,0.2637749120750293
16019,0.2738047215659156,0.2652308708334098
16021,0.19814844891992853,0.16500936734399768
16023,0.13525179856115108,0.12732278045423262
16025,0.22713414634146342,0.21857142857142858
16027,0.2953103605659516,0.2608002113305698
16029,0.1291579262810908,0.13279618024470308
16031,0.1562266567068616,0.14584674822923374
16033,0.13442622950819672,0.15151515151515152
16035,0.202540415704388,0.1790009250693802
16037,0.22399702823179793,0.22678018575851394
16039,0.2641413628516299,0.2510094212651413
16041,0.1010458320516764,0.1006874820968204
16043,0.15245951726245036,0.14456735869071072
16045,0.18484724215706377,0.163271189698251
16047,0.21234150464919696,0.1904432132963989
16049,0.1662938105891126,0.15195670274771025
16051,0.12071220930232558,0.12301587301587301
16053,0.2481971941785761,0.2246582409079185
16055,0.2789704988009042,0.23481501932633905
16057,0.5193829916785062,0.4586462350314593
16059,0.2231833910034602,0.218342448464451
16061,0.1898803046789989,0.16869469026548672
16063,0.21986192246415295,0.2109795479009688
16065,0.16431432973805854,0.1657680325904625
16067,0.19833653230966092,0.17661435554412144
16069,0.3273599686643165,0.30190985485103133
16071,0.10387984981226533,0.1066610455311973
16073,0.17605177993527507,0.15565163681284744
16075,0.1960446339472013,0.17913556674188508
16077,0.2901710835290171,0.26782668031388607
16079,0.2865121001861567,0.24648359008707302
16081,0.5372409326424871,0.5354050711193569
16083,0.26612446157333935,0.24923009238891333
16085,0.4298714430160335,0.4050543554990823
16087,0.2052802754926344,0.18569589998161426
17001,0.26277661096399113,0.2593694039396265
17003,0.42846153846153845,0.4026726057906459
17005,0.28914444584860355,0.2710974516583429
17007,0.4316069600818833,0.4262755958375294
17009,0.20107571369466282,0.1941787941787942
17011,0.3904566744730679,0.37617954603417497
17013,0.24862284245317665,0.21382206949217258
17015,0.34992996307143764,0.33845352772715437
17017,0.30820610687022904,0.2792233009708738
17019,0.6179292273042273,0.6223031886249842
17021,0.27267580827777077,0.2630684788290643
17023,0.24248692054994525,0.23917090728559018
17025,0.16706126072802605,0.15816326530612246
17027,0.23902750438899825,0.23586506842049432
17029,0.36495656894679696,0.3551964361878584
17031,0.755599888278037,0.7126250139663224
17033,0.23818280151433208,0.23339031339031338
17035,0.19885077485634686,0.1862469222652128
17037,0.5294105009882272,0.5100509015615564
17039,0.28007158379138436,0.2712534598655595
17041,0.27271665498715253,0.2656514382402707
17043,0.5922545400172271,0.5677215776423068
17045,0.23353960396039605,0.23368935786900014
17047,0.14694369165913881,0.14057213165179944
17049,0.19848306804828544,0.19299930633370685
17051,0.1847991094018824,0.1721700601329254
17053,0.2578653337253749,0.2558791465503816
17055,0.25894897182025894,0.2438563327032136
17057,0.39725106902871105,0.3783134054532802
17059,0.2355168496781522,0.22584541062801933
17061,0.22046085961758458,0.20542178817982826
17063,0.3681211518604918,0.3497704667176741
17065,0.19360902255639098,0.1791949563530553
17067,0.2510573690489101,0.24552918681813068
17069,0.20981308411214952,0.18759852863899107
17071,0.33147165596202177,0.30220913107511044
17073,0.39036538231661155,0.3752694732560504
17075,0.21095393543706928,0.20932713556351443
17077,0.5065923610167188,0.5177208287895311
17079,0.1830576258862025,0.17011751538891998
17081,0.26972605947084993,0.2580802239941567
17083,0.2536622976098689,0.2448695652173913
17085,0.41621181262729123,0.4144580290473455
17087,0.20205047318611988,0.2054975989402219
17089,0.5735675792386568,0.547454373863051
17091,0.41536380960186875,0.39411789906606115
17093,0.5293329077561443,0.5077524750950775
17095,0.4712486791123635,0.45221788094690873
17097,0.6227588775005647,0.6052962851260801
17099,0.4270193131005613,0.4063888996250918
17101,0.22505947660586836,0.21390463487829275
17103,0.3995136247427823,0.3867595818815331
17105,0.27432681448017593,0.26478717523493644
17107,0.2959309494451295,0.28804878048780486
17109,0.4153423745735918,0.40399215217947626
17111,0.4872018651738626,0.4731235444404688
17113,0.5203174039201753,0.5247980185174265
17115,0.4097572053844248,0.4040519620380965
17117,0.3131643847265924,0.3002134425229777
17119,0.4320407568706253,0.43250733115317885
17121,0.2629926752703174,0.24907715582450832
17123,0.3232828119961303,0.3171419098143236
17125,0.2989908118692574,0.2842712842712843
17127,0.25662005355548945,0.2541528239202658
17129,0.2979664014146773,0.28959418916785096
17131,0.3770981834904576,0.36129822412737295
17133,0.31717444836077446,0.3153254091971941
17135,0.29035616030931666,0.2758860319666435
17137,0.3378144549447624,0.33538567969560706
17139,0.25083006338665864,0.25112735188928625
17141,0.36719115126966817,0.35064935064935066
17143,0.532543077111084,0.5236767363800672
17145,0.26317380352644837,0.23595382078064872
17147,0.34760363370575337,0.3442200257842716
17149,0.18986693961105425,0.17623172712506768
17151,0.20092807424593967,0.1967833491012299
17153,0.34401544401544404,0.32695578231292516
17155,0.40168117682377663,0.38372093023255816
17157,0.24488682847013907,0.24572239971600993
17159,0.2310897840636444,0.2287847040335254
17161,0.5619352467301743,0.548764211169537
17163,0.5445307830245069,0.5400667495359885
17165,0.2560594932060228,0.25172018348623854
17167,0.47769574812991933,0.47473030199993815
17169,0.27805259047123143,0.2610703613148601
17171,0.21295606850335072,0.19069949198905822
17173,0.2098910310142498,0.1946641174936995
17175,0.2891096133380631,0.26772525849335305
17177,0.4196792732665925,0.40135757575757575
17179,0.3686063090358225,0.364277584760992
17181,0.29508009153318077,0.2813346466387589
17183,0.3324851842308683,0.3187627019393063
17185,0.22823315118397086,0.22662889518413598
17187,0.39788823074942054,0.37187928669410153
17189,0.21157813305827747,0.20976394849785407
17191,0.14193471242377137,0.1413016882799119
17193,0.2075807334428024,0.1992545871559633
17195,0.4575429424943988,0.4250096487842532
17197,0.5424725172624332,0.5081142800097334
17199,0.30920713787984366,0.3035977406679764
17201,0.5127884915583948,0.5028733462529048
17203,0.29390715205878143,0.28651118057225294
18001,0.2324378681223962,0.23192529364558254
18003,0.4428396824628491,0.4365869335946032
18005,0.36594612947034855,0.3604835228090373
18007,0.2512450199203187,0.26010816379088336
18009,0.2637531148169446,0.24354902739182216
18011,0.4054794520547945,0.4183262873733001
18013,0.34449109270396006,0.3340016511381059
18015,0.23888292158968852,0.2349811571713589
18017,0.28971459343026384,0.26572428071678444
18019,0.4068462500660665,0.39639232587237594
18021,0.21176665836860012,0.21056629251413622
18023,0.26474990153603783,0.2560646900269542
18025,0.28007441091360064,0.25188660004079133
18027,0.1846743295019157,0.17394771821001329
18029,0.21806678946103947,0.2037892967645823
18031,0.20301315132345596,0.20223585777927208
18033,0.25860542623548405,0.2604804279615246
18035,0.43284497156508317,0.419637092285428
18037,0.295052754982415,0.28403497873560474
18039,0.3572523262178435,0.3358163354380656
18041,0.2238791032826261,0.21464620455247707
18043,0.42802669208770255,0.4210669502633987
18045,0.20930232558139536,0.1947173663391604
18047,0.18067297937098412,0.17361637604245642
18049,0.25406730554936485,0.24020618556701032
18051,0.2539772727272727,0.2383147650147266
18053,0.30179230363732207,0.2871913392531322
18055,0.23385316036433895,0.2270517983613387
18057,0.4652668480921375,0.46906264269998754
18059,0.3078226826764699,0.32825688073394493
18061,0.2683845690174804,0.2608283905697054
18063,0.3773349072981043,0.3906609547123623
18065,0.2692961577694662,0.25729954053653475
18067,0.3346498289394244,0.3204003362404119
18069,0.2445121250430985,0.2537056187521544
18071,0.2281380919552421,0.2189442687315956
18073,0.25018114748699033,0.22407038725836492
18075,0.23241221189815373,0.21936212958312407
18077,0.3286786160900375,0.31602162777461584
18079,0.2100224756513777,0.20067235583139384
18081,0.32566651306694755,0.3253648585029032
18083,0.25868210151380233,0.24392705739856
18085,0.2399105068410636,0.23371725912067354
18087,0.22503583373148592,0.21123595505617979
18089,0.576420625028851,0.5286301343309621
18091,0.4631381133322319,0.4281128966683072
18093,0.2412703044450929,0.24040307101727448
18095,0.3847927629634009,0.36267174036333033
18097,0.6487078050095956,0.6407211757974374
18099,0.292084270812027,0.27906007398530713
18101,0.2005952380952381,0.1906416019615856
18103,0.22846045197740114,0.2220764071157772
18105,0.6436252664212362,0.6392119140457255
18107,0.2497036510194405,0.25430610236220474
18109,0.22046864817385883,0.2235819176504463
18111,0.23391722213610294,0.2107368097215813
18113,0.247149297268629,0.23898023673075894
18115,0.23870146403564607,0.21857564817853625
18117,0.25693160813308685,0.2351271437019515
18119,0.24933031114774368,0.24233065678402305
18121,0.21779452253296624,0.20998621534691378
18123,0.3747075339260646,0.3486324685996009
18125,0.23170132634681512,0.22180958811613774
18127,0.46895721735847273,0.4466167398766232
18129,0.29277099177998,0.2795429644701831
18131,0.25626204238921,0.22646850672328378
18133,0.2432199211045365,0.23550526251749102
18135,0.23214780600461893,0.2268031283190113
18137,0.19764873530459565,0.18876689189189189
18139,0.2251893696238285,0.22372111660211033
18141,0.5297718025826994,0.5074908088235294
18143,0.26910033911829245,0.2383755737377769
18145,0.25639324179470163,0.25550456350229467
18147,0.3039735099337748,0.27924048155035724
18149,0.2619612495057335,0.2359322033898305
18151,0.28491161616161614,0.2858563879390737
18153,0.243441881501583,0.23204164256795837
18155,0.23529411764705882,0.20825381679389313
18157,0.5031322739159171,0.49923624476827666
18159,0.23086606243705943,0.24148488327592804
18161,0.21495327102803738,0.21660859465737514
18163,0.4512909951612269,0.4359122322520369
18165,0.29267294310274256,0.271472824556463
18167,0.424744539233149,0.4076754167082543
18169,0.24508978675645343,0.24236918604651161
18171,0.22262857142857143,0.20883720930232558
18173,0.3585972510451442,0.3466781284538868
18175,0.23398890569843672,0.22106694393345597
18177,0.3515558672621904,0.3349776125066404
18179,0.21243560908365378,0.20568706697459585
18181,0.2759122759122759,0.26983690672530697
18183,0.24766027140851662,0.24573202276254527
19001,0.2911300121506683,0.27136431784107945
19003,0.2783018867924528,0.27520305781175347
19005,0.35234578033100805,0.3260718745663938
19007,0.2953303139153522,0.26384976525821596
19009,0.3181818181818182,0.3046482412060301
19011,0.359632004460552,0.33167693169092943
19013,0.5460045644615313,0.5058751272809555
19015,0.42025603413788504,0.39055253743209223
19017,0.4180465899522874,0.38768267223382047
19019,0.3937104542449712,0.356763925729443
19021,0.3693401521766247,0.3316271551724138
19023,0.30429324629676124,0.2704339051463169
19025,0.28493894165535955,0.2637013502779984
19027,0.3086408721293897,0.2874988602170147
19029,0.3069735006973501,0.2931959345002823
19031,0.4131263097732901,0.38939321548017203
19033,0.4679040328443741,0.44083783544415905
19035,0.30104182864251283,0.26809785322016977
19037,0.341385109310503,0.3118803835527385
19039,0.3180043383947939,0.28717366628830876
19041,0.30253437890669393,0.2813168528642738
19043,0.35358882066483166,0.32538826574633306
19045,0.4472758863194473,0.40416453319679124
19047,0.3138252756573367,0.28036515550054153
19049,0.4899026719644224,0.47594535094535095
19051,0.25043263288009887,0.22483994878361074
19053,0.2998661311914324,0.26090512540894223
19055,0.3213885778275476,0.29893595663521383
19057,0.45640236079035157,0.4236745154573122
19059,0.3298495359942337,0.29777817919075145
19061,0.48527548183314106,0.45648866721870246
19063,0.3176593521421108,0.27760185771585394
19065,0.3842685370741483,0.3451703074852469
19067,0.40131578947368424,0.369651873505182
19069,0.32210776545166403,0.28876451077943616
19071,0.2848852545502506,0.2739689341189073
19073,0.35436698717948717,0.33298712089738264
19075,0.3091800981079187,0.2877297990594271
19077,0.31724468595173405,0.3074766355140187
19079,0.36453391460443646,0.3315522308308843
19081,0.27712827268236456,0.259941969619389
19083,0.3371855880353501,0.30600503416037395
19085,0.30465726058184545,0.28741518371527336
19087,0.3347986096912697,0.3174687301250795
19089,0.3617064707083078,0.3389865996649916
19091,0.27409237787492874,0.24690371554135038
19093,0.24150645246247038,0.229635807617459
19095,0.3711804102134784,0.35910435149978875
19097,0.36730786762694867,0.3352128559345926
19099,0.39034357499621614,0.3598931559318617
19101,0.4929239899566309,0.4652991033042624
19103,0.7207741589729848,0.6928520127630015
19105,0.3906351414000927,0.3662887939044787
19107,0.2713490692765304,0.23958333333333334
19109,0.3005239103778843,0.27627918229103665
19111,0.40094397450042907,0.35791537537157675
19113,0.5704695825753795,0.5502549856959243
19115,0.33027171833141983,0.292259083728278
19117,0.2809013345001094,0.2558546727949223
19119,0.15751402421021554,0.14778965616873735
19121,0.32507001348407843,0.3047001620745543
19123,0.25860066124564385,0.23896513353115728
19125,0.3279019160341808,0.308476869438518
19127,0.46069758269003214,0.4209097881880937
19129,0.30989744223402943,0.30220253476067427
19131,0.35828970331588134,0.3421377002993485
19133,0.3022556390977444,0.27063717976790014
19135,0.2659758203799655,0.24403312226010715
19137,0.301983975581839,0.3019623548257909
19139,0.46407526615498884,0.4240859326585416
19141,0.21117092866756393,0.192297333692432
19143,0.1826192646611972,0.17463813719320329
19145,0.28170155300472655,0.2855954526549286
19147,0.31069748414808757,0.27228327228327226
19149,0.2498212498212498,0.22549945513984743
19151,0.24820430965682364,0.22594379789951746
19153,0.5779490219324244,0.5551592255712106
19155,0.41441702735263936,0.3987854713147501
19157,0.4321991368061829,0.4139440203562341
19159,0.2648487112439298,0.2404824726724463
19161,0.2548623853211009,0.2391909445166079
19163,0.5178955732874218,0.480232886778588
19165,0.29432091346153844,0.2824832319450944
19167,0.1614524840900583,0.1405856844584828
19169,0.5892153892759769,0.5526533140615321
19171,0.40281531531531534,0.3633566102497337
19173,0.23247117482081645,0.21857564817853625
19175,0.33948278702026025,0.3166610341331531
19177,0.23433315479378683,0.2183553185517822
19179,0.3795396752950381,0.3405913043478261
19181,0.414217947028594,0.39480713087769426
19183,0.39550815123135624,0.3764015416958654
19185,0.23719412724306688,0.20951449983708048
19187,0.376787647427497,0.3420653689891456
19189,0.3654570352618966,0.3442741208295762
19191,0.4739284508943638,0.4529281579843378
19193,0.4208820882088209,0.38336420192809995
19195,0.3682510383017997,0.35709211461046647
19197,0.32550554468362686,0.3147785879423795
20001,0.2728386419320966,0.2639751552795031
20003,0.21022258862324814,0.19624664879356568
20005,0.32408963585434175,0.3094769403824522
20007,0.12478031634446397,0.13445378151260504
20009,0.21350398812836208,0.211966961198617
20011,0.23460639127045985,0.22398014580425005
20013,0.25337680484396835,0.2553344521697435
20015,0.28806834543883786,0.2897770458576134
20017,0.23436426116838488,0.24200278164116829
20019,0.13175885643256682,0.13973509933774833
20021,0.24621513944223108,0.2303016132803367
20023,0.15965166908563136,0.14809489575844717
20025,0.13910505836575876,0.12951807228915663
20027,0.22008973080757727,0.21583271097834206
20029,0.21914110429447853,0.19247176913425346
20031,0.2140715109573241,0.21695702671312428
20033,0.1446613088404133,0.1516919486581097
20035,0.3063982957467127,0.2951276451540026
20037,0.38085552268244577,0.3713216957605985
20039,0.14444444444444443,0.15013966480446927
20041,0.22454595487066592,0.22092635788070644
20043,0.1869313482216708,0.17758865248226952
20045,0.702045466683282,0.6931442080378251
20047,0.1915351506456241,0.1697211155378486
20049,0.1445874337623013,0.14535768645357686
20051,0.27518557794273596,0.26490116191338464
20053,0.23473837209302326,0.23434045689019897
20055,0.36985935552786187,0.3233877820791238
20057,0.3367476119231212,0.30469233626346415
20059,0.3032052891455352,0.2952847618282593
20061,0.4241516966067864,0.4099531354608346
20063,0.11486962649753348,0.10893246187363835
20065,0.17425431711145997,0.16600790513833993
20067,0.2064810968009971,0.18053016453382084
20069,0.1526268115942029,0.14993058769088385
20071,0.1254071661237785,0.1282051282051282
20073,0.1894807821982468,0.19049295774647887
20075,0.16381418092909536,0.1633416458852868
20077,0.1755133669120496,0.17417297728178557
20079,0.39911201775964483,0.392705629076173
20081,0.19134897360703812,0.174565560821485
20083,0.14847590953785644,0.14270724029380902
20085,0.2945761094321616,0.2830396475770925
20087,0.3340144101516292,0.311600164541341
20089,0.13354430379746834,0.11384217335058215
20091,0.5421136249963223,0.5432398178253943
20093,0.183585313174946,0.15070643642072212
20095,0.19365739537301793,0.19447314049586778
20097,0.13783783783783785,0.1382783882783883
20099,0.3161532864419112,0.30596536241180244
20101,0.13088404133180254,0.1353658536585366
20103,0.3914776123651476,0.3837147567552463
20105,0.1728395061728395,0.16857720836142953
20107,0.17967936706225276,0.17262987669294522
20109,0.1306497175141243,0.13367421475529584
20111,0.4433215174598386,0.42498266163211834
20113,0.2937439988182288,0.2905976729059767
20115,0.250513698630137,0.2489113394878941
20117,0.252805549887778,0.24850484636007425
20119,0.14754098360655737,0.14755077658303464
20121,0.2975824685489014,0.29859216413838263
20123,0.18227257580806397,0.1683673469387755
20125,0.24367015098722417,0.24007855330987643
20127,0.2569493941553813,0.262946754194019
20129,0.12771503040834056,0.12596153846153846
20131,0.16630513376717282,0.16020205664802453
20133,0.26479607482367373,0.2547694156526964
20135,0.10054719562243503,0.0967016491754123
20137,0.1544054747647562,0.15529622980251345
20139,0.2729518855656697,0.25331944806040096
20141,0.14745308310991956,0.15017261219792866
20143,0.1633711507293355,0.16130125381226704
20145,0.23845287269996246,0.2378234398782344
20147,0.11751662971175167,0.12318570896911053
20149,0.2604766474728087,0.2570238546005301
20151,0.23036649214659685,0.23802395209580837
20153,0.14587593728698023,0.12846715328467154
20155,0.3239924670433145,0.3240028786788379
20157,0.16203703703703703,0.16520650813516896
20159,0.23019323671497585,0.2116469984607491
20161,0.5165700441290992,0.5091377200016882
20163,0.12642802741812642,0.13948840927258194
20165,0.16958041958041958,0.16719442685243824
20167,0.17610250297973778,0.18765432098765433
20169,0.3437754446110992,0.33916589922378637
20171,0.12713722051731696,0.11860353897656624
20173,0.43564394429974146,0.42970411728957764
20175,0.34574785899223265,0.3017606418542456
20177,0.5154089482134726,0.5025371217693775
20179,0.10427226647356988,0.0929889298892989
20181,0.14800613496932516,0.14921259842519685
20183,0.15906886517943744,0.1518987341772152
20185,0.17875125881168177,0.17395944503735325
20187,0.19496021220159152,0.17638036809815952
20189,0.11863543788187372,0.11634349030470914
20191,0.24182386956109583,0.24446164264293316
20193,0.16684549356223177,0.16564927857935627
20195,0.15072830905636478,0.13855035279025016
20197,0.2536481825417883,0.251063829787234
20199,0.05459057071960298,0.07046070460704607
20201,0.16684530189353342,0.14892816848439264
20203,0.15473684210526314,0.12632821723730814
20205,0.18602825745682888,0.18271674668172833
20207,0.1922554347826087,0.18964357767316745
20209,0.6576796479159732,0.6211826121875313
21001,0.16059067835717583,0.14123595505617978
21003,0.1779174341748835,0.16132490084682174
21005,0.2573602890306711,0.25054364709537125
21007,0.19732121502033007,0.173038728897716
21009,0.2591881098023356,0.2330984477124183
21011,0.2829645619715776,0.24027072758037224
21013,0.18017927283714372,0.1534054054054054
21015,0.318055238530016,0.31095379692382
21017,0.3474594138730761,0.32949210413999147
21019,0.33132191973056413,0.3045899099448049
21021,0.37388849682427666,0.35267510071383135
21023,0.19056693663649357,0.1711777615215801
21025,0.2337405677326626,0.19888844779674475
21027,0.23380758133519053,0.20544354838709677
21029,0.2557440620455647,0.24143357053946782
21031,0.17867196555721146,0.1643952299829642
21033,0.22606089288531314,0.2053629823413996
21035,0.33803720333547144,0.30696696696696696
21037,0.404839518555667,0.3998143538247331
21039,0.17658276125095346,0.15752895752895754
21041,0.2742014742014742,0.2421423183303998
21043,0.23140930191819217,0.2042353358142832
21045,0.12935042975905311,0.11452991452991453
21047,0.3548939082819986,0.3298732875111049
21049,0.33701936570305924,0.320598101085906
21051,0.11068193926478423,0.09324888828998787
21053,0.1234896579971329,0.11378238341968912
21055,0.17479674796747968,0.1536517563810968
21057,0.1550198352151358,0.14185022026431718
21059,0.3578067106870071,0.33794040277717885
21061,0.20264244426094138,0.18131689912422966
21063,0.24070317782285328,0.1855598186257412
21065,0.2099147947327653,0.17953263497179694
21067,0.6061822561220394,0.5925149572953231
21069,0.2103310502283105,0.19299768518518517
21071,0.24073385397297634,0.19893416520439333
21073,0.4951471509079524,0.47523967989858173
21075,0.3308333333333333,0.29901269393511987
21077,0.2176330420969023,0.19664082687338502
21079,0.21318732525629078,0.19522998296422486
21081,0.20173833485818848,0.17179215270413573
21083,0.21233448646069425,0.1883759024449433
21085,0.20248038471273094,0.18710757639179573
21087,0.1597777005904828,0.13447979363714532
21089,0.27167307799520546,0.24390386185975965
21091,0.30048932384341637,0.2579155672823219
21093,0.3776312769907997,0.3507747015494031
21095,0.1375563944388178,0.1163174233604967
21097,0.27478818410808337,0.2543800539083558
21099,0.2311886586695747,0.1970478819152766
21101,0.37503068388237026,0.35189664933861753
21103,0.26825297432686285,0.23358490566037735
21105,0.21086556169429096,0.19219512195121952
21107,0.25660501981505945,0.2424421758642797
21109,0.0998679432155827,0.08628922237380628
21111,0.6025213454211565,0.5841673307002125
21113,0.33382691033784045,0.31742936881140804
21115,0.1598727381189103,0.14210526315789473
21117,0.4013805970149254,0.3891277757461887
21119,0.2280361757105943,0.19972940977507186
21121,0.16105439585555387,0.14008769905377336
21123,0.20920851300598137,0.1939402401563809
21125,0.16148239030023095,0.14651762058578013
21127,0.18017755785184106,0.1604179471419791
21129,0.1746550472040668,0.15419673376376755
21131,0.09355989091671911,0.08904428904428904
21133,0.19933518005540166,0.17543648404575557
21135,0.14167670855568945,0.11760550944728942
21137,0.20981103974681187,0.19059836891780446
21139,0.1897353000606183,0.18055838597921336
21141,0.2544198667872708,0.22130484053747773
21143,0.26049618320610685,0.22963500120860528
21145,0.33908829320006056,0.3231135066582118
21147,0.11347628736891532,0.10385612443292287
21149,0.22817080943275972,0.2165535362382308
21151,0.36288049933623684,0.3425863236289777
21153,0.2253155159613957,0.1749086011160285
21155,0.3080928126768534,0.27965724460271535
21157,0.23439659143251956,0.21292513092018184
21159,0.10335983585534753,0.0790633608815427
21161,0.3013139431049879,0.2785265049415993
21163,0.2628645871028443,0.2357466388669207
21165,0.24501796798431885,0.20576386736907346
21167,0.26284773377242393,0.24331275720164608
21169,0.19760843129306851,0.17398149970478252
21171,0.12431409649952696,0.10960989533777354
21173,0.2875703081676305,0.2635579130710158
21175,0.21457268078889702,0.17743764172335602
21177,0.25245691496937755,0.22512740970529582
21179,0.31400987287580273,0.28869588336952184
21181,0.2839726434730895,0.2516030534351145
21183,0.21882395776442745,0.1943748259537733
21185,0.39034957883689014,0.38480241536858417
21187,0.20371057513914656,0.18222058281077094
21189,0.11446740858505565,0.11105032822757112
21191,0.19335966066988444,0.1778627076289872
21193,0.22470195517405817,0.19900799676080574
21195,0.19347912524850894,0.16976675524062593
21197,0.25277366863905326,0.22293961260919104
21199,0.18213964253568213,0.1704031590344564
21201,0.22251539138082674,0.1902654867256637
21203,0.1470626377901699,0.1293793465424485
21205,0.3929511849301195,0.3588792748248867
21207,0.1503954802259887,0.13602357742008614
21209,0.37294416601962305,0.3590330962800875
21211,0.34916998097873075,0.32351724708412605
21213,0.3128719803944451,0.27761090573012936
21215,0.22454956953936275,0.21292540998060308
21217,0.24013291190534078,0.2129101578642863
21219,0.22878298841845454,0.20770750988142292
21221,0.2460840890354493,0.23468956778825847
21223,0.23873555083746167,0.21944840703756538
21225,0.23544810594394827,0.20474678255055992
21227,0.4142067440574903,0.3766517066890768
21229,0.2683643486777669,0.245162322085399
21231,0.18619934282584885,0.16699433329478433
21233,0.23859411963501184,0.20994173343044428
21235,0.16879423242277927,0.14989279013669257
21237,0.28576294277929154,0.24158485273492286
21239,0.4384904646790223,0.42731786953268486
22001,0.1941224722707657,0.17731701790165422
22003,0.21772361082420988,0.19171283471837489
22005,0.3339390367678355,0.32740265659591095
22007,0.34519092219020175,0.31975381008206333
22009,0.29276180396307405,0.28158343329755664
22011,0.15772166035862753,0.1396534148827727
22013,0.4407875826386893,0.4088192537554515
22015,0.29146196218549947,0.2805204374466765
22017,0.5343689094452686,0.5235335083302084
22019,0.32057546145494026,0.29904228451401565
22021,0.15780554967167973,0.13475836431226765
22023,0.08110137672090113,0.06558849955076371
22025,0.2638253638253638,0.24548402037980546
22027,0.42008921704353175,0.3886478042006596
22029,0.3640426263320729,0.3516684045881126
22031,0.37456242707117854,0.3210736307580704
22033,0.566562253366471,0.5565562345877559
22035,0.6375838926174496,0.5896870868223887
22037,0.4137664346481052,0.38752670668430156
22039,0.2733548090197883,0.2516953387108288
22041,0.2760697964270877,0.2518348623853211
22043,0.12475738624110416,0.11164667638157157
22045,0.34162587520912074,0.3275547130794417
22047,0.5189248491497531,0.49626298035584365
22049,0.28433063553137855,0.2592748145037099
22051,0.4436211441714892,0.4338865939807839
22053,0.21926047433531543,0.19037878253509205
22055,0.3536861430965028,0.34045632321826025
22057,0.19402183640594237,0.18580035440047254
22059,0.09093500570125428,0.08311767392297154
22061,0.4005829358770535,0.37074125874125874
22063,0.1442316689018495,0.15315218393631083
22065,0.5789703315881326,0.5314720812182742
22067,0.43173882681564246,0.4020463436653626
22069,0.4242647963578196,0.3867924528301887
22071,0.8472134679517299,0.8442609189761603
22073,0.380134373899777,0.35889903068197887
22075,0.3153519305375947,0.30765316507225726
22077,0.3842934515017233,0.36084184787354817
22079,0.33680951886825083,0.31374743871898003
22081,0.40522553611042644,0.3611262985237835
22083,0.3280105777054516,0.30068236847897867
22085,0.16474731131626535,0.1473121473121473
22087,0.354933641084824,0.351
22089,0.34958798558841364,0.3356313083222243
22091,0.5521452145214522,0.5038924274593064
22093,0.5223042362002568,0.49529673336753893
22095,0.6430871212121212,0.6474731182795699
22097,0.4284833386774536,0.4047755491881566
22099,0.3167554988364237,0.2943030303030303
22101,0.352269745473629,0.3389904264577894
22103,0.27469216662300233,0.27745787857866827
22105,0.33314518547263333,0.31048431581657043
22107,0.5261282660332541,0.4782816229116945
22109,0.24590991940619716,0.23769507803121248
22111,0.23994213904710243,0.21248314390290887
22113,0.1859386020268013,0.1773434810876965
22115,0.17042046456924434,0.15719021705135422
22117,0.3096954920371427,0.29637947088787864
22119,0.34285079435618265,0.3154576101885379
22121,0.4465571881302218,0.4406307297396406
22123,0.14123731848020687,0.1266432953549518
22125,0.3729913975004058,0.3381137168888139
22127,0.2504057124310289,0.22551928783382788
23001,0.4854882657994199,0.4688844925725392
23003,0.39833314305285994,0.3670403459853184
23005,0.6836410166557823,0.6861983926355731
23007,0.4796409677227605,0.45790589718608515
23009,0.5638554918342988,0.5603404399705932
23011,0.5012998578056103,0.4859218253856745
23013,0.6021839630161008,0.594995658694451
23015,0.5529206625980819,0.5574216590841448
23017,0.4546575046991033,0.43435413173300386
23019,0.45691681407351764,0.44440930864457795
23021,0.36407867494824014,0.3511053315994798
23023,0.5810247820298071,0.5850453993890958
23025,0.37995008009536935,0.36244635193133046
23027,0.5244042309162738,0.5172822356594214
23029,0.3987614273075789,0.38067094450073174
23031,0.5649651603891879,0.553411916382724
24001,0.3048195979230462,0.2942432742572995
24003,0.5748426710661114,0.571555360544082
24005,0.6386603428972519,0.6256489069328541
24009,0.4712202449252081,0.44390992253641165
24011,0.33131746651059957,0.3054106705209577
24013,0.3771024267124563,0.3718680653621142
24015,0.3634535547483134,0.34229790869725624
24017,0.7085014245014245,0.7081998683021016
24019,0.4389603738557071,0.4254772393538913
24021,0.5494952496162199,0.5451700824281235
24023,0.21468298109010012,0.22384869486365697
24025,0.4380836660302031,0.4292213906242483
24027,0.7278754716768921,0.716256480030312
24029,0.5063664006081338,0.48566407695153535
24031,0.805637962253572,0.7743731195589902
24033,0.9109051688934369,0.8851971452329573
24035,0.3636332767402377,0.35818002732500875
24037,0.4287673263657253,0.4120077740619474
24039,0.4249498997995992,0.4111978902525611
24041,0.502635405307161,0.49986513217047296
24043,0.3930102010019919,0.3822531340269793
24045,0.4901106715854038,0.4720040370354118
24047,0.4034563618258328,0.3877054548856938
24510,0.8909273794888107,0.874563522835768
25001,0.6245137639591324,0.605364747904932
25003,0.7410884490246384,0.7039567108626437
25005,0.561308550077036,0.5066393641503746
25007,0.7902750099641291,0.768978286483757
25009,0.6484837453128982,0.603694254515767
25011,0.7283354757342776,0.6948911202219331
25013,0.5905676479138728,0.5453834846689707
25015,0.7398386324626648,0.7159503132900956
25017,0.7311432064367555,0.7022273613234227
25019,0.7324947589098533,0.6878504672897197
25021,0.6856695584110626,0.6468714769635057
25023,0.5888617194097477,0.5450041907150109
25025,0.8219180579397511,0.7697742069538718
25027,0.5916742774511483,0.551135336840203
26001,0.30643776824034336,0.2893064755982155
26003,0.4051707124531281,0.3997303024465421
26005,0.37133397123372974,0.36188473102494245
26007,0.35958288385472853,0.35507203763598943
26009,0.3794244970715559,0.37970127766780637
26011,0.31877729257641924,0.2944364561442318
26013,0.37042606516290727,0.3487227560346848
26015,0.3344958602699331,0.3257275045345811
26017,0.4411734934880896,0.4254858897934246
26019,0.4536048340369175,0.4560157790927022
26021,0.4624430253097323,0.4600710701337367
26023,0.3045542204420709,0.28474396647237343
26025,0.4435927371040585,0.428854632067935
26027,0.35347864803128265,0.3284340410088913
26029,0.4135280095351609,0.41409666283084007
26031,0.34801254560583755,0.3422449987651272
26033,0.3836343701309943,0.3766140205042948
26035,0.32372353673723536,0.3093575828688765
26037,0.46674882080482727,0.456291538789862
26039,0.3443742750354427,0.3289898386132696
26041,0.3654446740018258,0.3459274025311761
26043,0.33033911287514794,0.3157022602240339
26045,0.4960457707973438,0.48405498924530066
26047,0.44327200990962057,0.445260347129506
26049,0.5473994057880645,0.5212912493806058
26051,0.31379621280432823,0.293990855649902
26053,0.4369645042839657,0.413409868099658
26055,0.48463293064120977,0.4912243774489168
26057,0.3561053471667997,0.3413363302002452
26059,0.25667539267015704,0.2397372072145597
26061,0.4275154457193292,0.41344035253383693
26063,0.30130069699796935,0.29456950816174116
26065,0.6641616907882214,0.6515374967265309
26067,0.34542746688636794,0.338276098696184
26069,0.35507533703409994,0.34479643847990193
26071,0.37159040095394247,0.3516277729760876
26073,0.48713954373939833,0.4619366324882134
26075,0.4031272443206874,0.39187372042593915
26077,0.5955917414542841,0.5902061855670103
26079,0.2876029890783675,0.2823425803610744
26081,0.5313496731286901,0.5272970103013782
26083,0.4380704041720991,0.43505674653215637
26085,0.36701957009945463,0.3369007476909544
26087,0.3156666473798916,0.2984872844197603
26089,0.5263000418885764,0.5393039389943237
26091,0.3987494996092186,0.3831705069124424
26093,0.3851376176099423,0.37869492044063646
26095,0.28532700779396813,0.26165362368152434
26097,0.37946943483275664,0.3740735561459936
26099,0.4590920738394678,0.430266373387079
26101,0.4232741890767951,0.4190077704722056
26103,0.5568555957661016,0.5444487932159165
26105,0.39990593215356574,0.39167556029882605
26107,0.3572812711946517,0.3473546288347716
26109,0.3471406740127081,0.32984577230101525
26111,0.4254484304932735,0.4227730973594359
26113,0.22832269297736507,0.21584729774719788
26115,0.38483982027192626,0.362357959278883
26117,0.3078558284155086,0.30215072565133766
26119,0.28073805828591136,0.2701158546262498
26121,0.5028091125407597,0.4909077334926035
26123,0.2945379723157501,0.2827092242967908
26125,0.5711579371124784,0.5539594089606634
26127,0.35732870771899394,0.34752597047566974
26129,0.2962994542974079,0.28722806454202454
26131,0.37103227527340626,0.34625527426160335
26133,0.2647010377203097,0.2565368299267258
26135,0.27911813643926786,0.27563352826510723
26137,0.3266079052472111,0.32086376627500796
26139,0.39068821021869604,0.3962374705607955
26141,0.35272022294923056,0.3528591352859135
26143,0.348207063898625,0.3332913306451613
26145,0.5014871457599167,0.48341745828736565
26147,0.3463687767813756,0.32426067850422097
26149,0.33816495673445546,0.32756887887714436
26151,0.26922382671480144,0.2585840170161045
26153,0.33960247916221414,0.3378910296250259
26155,0.39866479634247715,0.3828677002971063
26157,0.30032059016167395,0.28233199234979883
26159,0.4376465072667604,0.4232171898871421
26161,0.7364242631586347,0.7275690290560937
26163,0.6929953128789645,0.6502448262000359
26165,0.3254180602006689,0.32430179241350565
27001,0.365636087176888,0.34330248416950804
27003,0.4902597244831021,0.47726017757927297
27005,0.3462973668996689,0.33176943699731903
27007,0.48386550351486407,0.4711983928498217
27009,0.33607238482134616,0.31704260651629074
27011,0.3611111111111111,0.3492753623188406
27013,0.5228031145717463,0.4937709159425181
27015,0.33226144704648725,0.32071768993552
27017,0.5077178339785812,0.48697148475909535
27019,0.4750320300078724,0.4724482988659106
27021,0.35307872174590804,0.3305524948843066
27023,0.34373069796170475,0.3267214965328173
27025,0.3500978589644742,0.3404023926046765
27027,0.5209235668789809,0.5024309667767873
27029,0.27202072538860106,0.24641652613827994
27031,0.6747769667477697,0.6790331646992692
27033,0.3057176196032672,0.29085636301603546
27035,0.3483579513730268,0.3407298778728724
27037,0.5713799830331557,0.565686917105606
27039,0.3438711852975889,0.3366385315086454
27041,0.33244602188701566,0.3218456049302627
27043,0.32776482776482774,0.30951440979076195
27045,0.38398582517718527,0.3702696017808558
27047,0.4183518552256027,0.39195185702996777
27049,0.42379208844856053,0.416110953461975
27051,0.36424768842813116,0.34375905010136115
27053,0.7211290069266555,0.7182043391422865
27055,0.43380709752391167,0.4161762083110398
27057,0.3523373341756159,0.33990258523791683
27059,0.3020864192306065,0.29058281846444456
27061,0.414447646493756,0.3975313330801367
27063,0.30651677498682595,0.28589511754068714
27065,0.3064516129032258,0.2850251677852349
27067,0.3689294925033877,0.34229893113719995
27069,0.3942006269592476,0.3724448078495503
27071,0.39160530191458026,0.3696206327785275
27073,0.3638651233014595,0.33571793561573837
27075,0.5180397727272728,0.5197823209295485
27077,0.2825263157894737,0.2610198789974071
27079,0.34486532498327965,0.3288406558142249
27081,0.30640941792020926,0.30740037950664134
27083,0.36739871561087767,0.33774834437086093
27085,0.3143781557919506,0.30691448382126346
27087,0.4933451641526176,0.45560747663551404
27089,0.2581738437001595,0.23772975156534035
27091,0.30644413537320353,0.2987845095637426
27093,0.2923786481173446,0.28273964453037853
27095,0.3067706882139872,0.2926927194860814
27097,0.2275901605169898,0.21560184257961146
27099,0.4702494187275417,0.4466655919178892
27101,0.3011221945137157,0.2842780748663102
27103,0.5162017167381975,0.4973921289710763
27105,0.34372436423297786,0.31928746928746926
27107,0.41823056300268097,0.3857947434292866
27109,0.5549376002152877,0.5544881925317199
27111,0.3344146764360423,0.32619074053513936
27113,0.3616901408450704,0.3389854065323141
27115,0.3457097288676236,0.32137482694275565
27117,0.26877958427660015,0.2556818181818182
27119,0.35539728175640356,0.3283098684645383
27121,0.359297940237888,0.3389399293286219
27123,0.7322592700244986,0.7216363717036665
27125,0.32214452214452216,0.31059506531204645
27127,0.28981048486340144,0.2806589383770592
27129,0.31344970488509355,0.2889733840304182
27131,0.49911088166121725,0.48721116320858016
27133,0.3027826425374586,0.3004739336492891
27135,0.2651157154973949,0.25
27137,0.5800498624926106,0.5698883161512027
27139,0.4660582922059782,0.4567125870234296
27141,0.3327684344318161,0.322580077437522
27143,0.29187296220263254,0.28105200239091455
27145,0.38483546198604507,0.36371680371869136
27147,0.38482477033004425,0.3751471165162809
27149,0.38703181635118805,0.3625
27151,0.34980392156862744,0.3263412666397741
27153,0.25201319119564386,0.2281639928698752
27155,0.3606110201854883,0.3388195232690125
27157,0.36547591252237527,0.35646330413772276
27159,0.26819567811215694,0.23946505172848853
27161,0.34545454545454546,0.3344475029492725
27163,0.5472629182036347,0.5454512515474501
27165,0.39037328094302554,0.3582120582120582
27167,0.30590339892665475,0.30097680097680096
27169,0.5019954819277108,0.4750339861116214
27171,0.3535937713766899,0.3505687106953936
27173,0.3113242345997787,0.29284903518728717
28001,0.5815764342907515,0.5702807848443843
28003,0.17833333333333334,0.15535535535535536
28005,0.36782254667976977,0.3337295690936107
28007,0.4061926605504587,0.3828563961845028
28009,0.3951518004236291,0.34207111341811575
28011,0.6559116022099447,0.6194750048253232
28013,0.2914049333537613,0.25826377295492486
28015,0.30585529807182027,0.27727184654136794
28017,0.4771446462116468,0.43102245780443577
28019,0.28308647873865267,0.25091003640145604
28021,0.8621714285714286,0.8409350057012542
28023,0.3437916414294367,0.3230094377243121
28025,0.5829426433915212,0.5525231146262671
28027,0.7170935080405003,0.7011460038696234
28029,0.5086477987421384,0.46937716262975776
28031,0.3685005393743258,0.3323094425483504
28033,0.378243472908052,0.3764966855630651
28035,0.44306651634723787,0.409032580024239
28037,0.33613445378151263,0.29995054401582594
28039,0.1114262190101546,0.10349217897417243
28041,0.16770833333333332,0.14881482801639637
28043,0.4377253814147018,0.41808258675728555
28045,0.2182593525877108,0.20347560393392533
28047,0.3719382964453387,0.353821350530299
28049,0.7452553930956217,0.7336322032315308
28051,0.8279502324996858,0.8134473960678373
28053,0.7295597484276729,0.7116224876201573
28055,0.5354449472096531,0.4922813036020583
28057,0.11687096472349584,0.09734597156398105
28059,0.3237376560462083,0.2983701417687337
28061,0.5022561610551892,0.4747448979591837
28063,0.8623639191290824,0.8344553243574051
28065,0.586825370944073,0.5691559049223283
28067,0.28635309148371046,0.26408105458110903
28069,0.6176722293538724,0.5847249508840865
28071,0.4374647030713758,0.3892897504998696
28073,0.2617315646840679,0.25304713623125874
28075,0.4190513143854884,0.3930569871889265
28077,0.34530175706646293,0.3158682634730539
28079,0.42706849315068496,0.38222222222222224
28081,0.33489943949884604,0.30370476326705764
28083,0.7096594599610281,0.6941050375133977
28085,0.3029574416927146,0.2715687523894482
28087,0.48674080410607357,0.458834718603978
28089,0.44011453062253514,0.4124797848563589
28091,0.31401326699834164,0.28992695463973306
28093,0.5157140113934584,0.4633703329969728
28095,0.3444959239927277,0.31910225064259296
28097,0.42100039698292974,0.39522184300341295
28099,0.2815198618307427,0.2433184855233853
28101,0.3053018268467037,0.2815880571181307
28103,0.7651515151515151,0.7395927601809955
28105,0.5335440087033103,0.49859170797656605
28107,0.4787557395072108,0.42494566360513214
28109,0.17470412332055762,0.16306306306306306
28111,0.2323439099283521,0.19589314919135017
28113,0.5048759124087592,0.4823721081785598
28115,0.18455238633154475,0.15866418231331517
28117,0.20459944882638031,0.16753977493209157
28119,0.6769521410579346,0.6566425580510088
28121,0.27023888044506894,0.26190614304774057
28123,0.4079133301931229,0.37946474000203523
28125,0.6804458894565723,0.6855022831050228
28127,0.3458704592186429,0.31538391804913424
28129,0.2171172263304643,0.19470649895178196
28131,0.23203708472830287,0.20679091141179473
28133,0.7078288100208768,0.678676376644947
28135,0.5551582335061684,0.5299214184968769
28137,0.32451512800620635,0.27904238618524335
28139,0.19387448703833451,0.16231245409715664
28141,0.11777135231316727,0.1025041736227045
28143,0.7358813462635482,0.6968892261001517
28145,0.17234500917577594,0.14612647582079896
28147,0.40184266477675407,0.36404390168495904
28149,0.5018503388282789,0.47998894416804866
28151,0.7022973656125372,0.676793659621802
28153,0.3649179337428255,0.3349187036832209
28155,0.19553805774278216,0.17209394118807972
28157,0.6749324821998527,0.6282849239280774
28159,0.44143356643356646,0.40798652874669233
28161,0.4313816604708798,0.39417943860857585
28163,0.5321456235476375,0.4878651685393258
29001,0.36649214659685864,0.3299356754082138
29003,0.24474286904018322,0.23788455602428232
29005,0.20412595005428882,0.19731443491234613
29007,0.25910310463779224,0.2587850197362087
29009,0.1917647824107201,0.17943913559427893
29011,0.14038589487691283,0.13714668004683056
29013,0.20220099165558109,0.18911070780399275
29015,0.21187676159004762,0.2025813692480359
29017,0.12675342234240325,0.12350923051788923
29019,0.5643557659790328,0.5498099290780142
29021,0.3745647026048196,0.3578570616975344
29023,0.18438250572529744,0.17844034106951268
29025,0.19407183037646042,0.1905988409529942
29027,0.28378051728305537,0.28042778724209727
29029,0.2306750469349441,0.22605742269262669
29031,0.2712582247208007,0.26484602267027785
29033,0.17497773820124665,0.1754503002001334
29035,0.1456953642384106,0.1276297335203366
29037,0.3387082437021103,0.33739858228712954
29039,0.1651521707774412,0.14879281302638966
29041,0.22746461385646882,0.21583621114948198
29043,0.24171027773555406,0.23591948874156363
29045,0.20238805970149254,0.18990021167221047
29047,0.4790129430264909,0.47132379933298446
29049,0.2707807386629266,0.25743913435527505
29051,0.32733367715317174,0.32542972699696665
29053,0.2639361577279662,0.2685354691075515
29055,0.19496217014209263,0.18671504325983812
29057,0.16117936117936119,0.16164779571187665
29059,0.17252156519564946,0.1742976688583383
29061,0.19386694386694386,0.18039114770972722
29063,0.19546027742749053,0.1829652996845426
29065,0.1499361067726821,0.14563796533105997
29067,0.1469482210008678,0.13760707377728654
29069,0.21286889211417515,0.18885883178038274
29071,0.2768350846523648,0.26804086099963514
29073,0.20465294643998466,0.19621451104100945
29075,0.19192235441452724,0.18855218855218855
29077,0.397035285296111,0.3943647086178106
29079,0.18225364963503649,0.17956939990838297
29081,0.15731225296442689,0.13953488372093023
29083,0.2460078902874319,0.234266703631827
29085,0.21027479091995221,0.19229256783326779
29087,0.14606741573033707,0.1526293287729799
29089,0.28453483689085785,0.27507692307692305
29091,0.174900809826621,0.16340529618206956
29093,0.20810394186302578,0.18442256042972247
29095,0.6123041758457244,0.5982228534141941
29097,0.2642315268053903,0.2629415203575537
29099,0.32751442362244587,0.31389848931310027
29101,0.3104660998085741,0.29925187032418954
29103,0.18619934282584885,0.17374301675977655
29105,0.16805706686011365,0.16297084737744663
29107,0.2670647954613317,0.2523803926178441
29109,0.18219954648526077,0.17798235519754507
29111,0.21688340312982146,0.19652918638719855
29113,0.2321911790546477,0.21741046138352113
29115,0.2261440227030862,0.2104982206405694
29117,0.21117268234236933,0.20859615666715564
29119,0.16161275831087152,0.15357219943880854
29121,0.21478418195916257,0.1903354324636936
29123,0.18186685704087097,0.17277028210968987
29125,0.17297067573310668,0.15921552087726698
29127,0.24411069604330257,0.23281885894187207
29129,0.12592172433352242,0.13202247191011235
29131,0.16685770427378419,0.1603195532459474
29133,0.24984093319194062,0.2296899751074904
29135,0.18547929665343166,0.18261474269819195
29137,0.21210061182868797,0.1977844449573044
29139,0.21293848052176978,0.19677093844601412
29141,0.20542387358530856,0.19856831621537505
29143,0.24294649061848506,0.2307806031933767
29145,0.20824683227145824,0.2037860368183397
29147,0.29357892570487754,0.27903579254930605
29149,0.17623126338329764,0.15196506550218342
29151,0.13897078531224874,0.1316201408818158
29153,0.15614617940199335,0.14719527625474482
29155,0.2746478873239437,0.2536204268292683
29157,0.17852161785216178,0.18033459919942524
29159,0.2566400171701454,0.2527135948414831
29161,0.2948684417011037,0.2825550244261176
29163,0.22651715039577835,0.20826361179044922
29165,0.4845086993725043,0.4840641298049063
29167,0.19579233118425518,0.1885031012213057
29169,0.2658326817826427,0.24537278415015643
29171,0.15394456289978678,0.14653716216216217
29173,0.21514015354401,0.20143131436550882
29175,0.23659906693325716,0.23602313412283119
29177,0.2714335603282696,0.25388151617659815
29179,0.1621704475781729,0.15567282321899736
29181,0.14686177715091678,0.13235039028620987
29183,0.4108407252235923,0.4139147450339745
29185,0.2008130081300813,0.1940902651285165
29186,0.2903778229690678,0.27215320910973084
29187,0.25563418617310835,0.24039954821403361
29189,0.6219174291757321,0.6191743801368267
29195,0.31042223409941205,0.29553339115351257
29197,0.18847902981303688,0.17377731529656607
29199,0.19917864476386038,0.18891820580474933
29201,0.21418787809610776,0.20362775114089307
29203,0.18238181348488763,0.15668087239909753
29205,0.1798298906439854,0.1697007096575131
29207,0.13673607456964595,0.12841186478289815
29209,0.19152190538621217,0.1907572324392686
29211,0.19494290375203915,0.16700777732296357
29213,0.20656168994467444,0.20060229625447018
29215,0.15329640879042344,0.13885005242922055
29217,0.21009052771031134,0.19963988296196264
29219,0.2650769829359124,0.2499371385466432
29221,0.18312861638412345,0.17176285517648215
29223,0.14489026063100138,0.13469809048683984
29225,0.1936270525117867,0.18602637877476194
29227,0.19688644688644688,0.1736745886654479
29229,0.13548312260758613,0.11867070843157067
29510,0.8367778174714775,0.8300351493848858
30001,0.2907250045199783,0.27548652026423853
30003,0.5302256279267773,0.49116279069767443
30005,0.5196206671026815,0.46903270702853167
30007,0.20833333333333334,0.19011815252416756
30009,0.3514298156481347,0.3327205882352941
30011,0.08716136631330977,0.08982035928143713
30013,0.3986484743751773,0.3847694840834248
30015,0.3438584316446912,0.3327433628318584
30017,0.2647315964329428,0.24763096728052925
30019,0.19617706237424548,0.16523605150214593
30021,0.2038135593220339,0.19774386197743862
30023,0.5395956192080876,0.5049946865037195
30025,0.11118293471234647,0.11118690313778991
30027,0.23503534956794972,0.2346230923385232
30029,0.3460022186193361,0.3264661849899108
30031,0.5389002036659878,0.5165821418538288
30033,0.05093167701863354,0.04905660377358491
30035,0.6570804514015289,0.6020114942528736
30037,0.15853658536585366,0.13214990138067062
30039,0.31016042780748665,0.2736294896030246
30041,0.4296627270106659,0.40491929285165257
30043,0.32936010037641156,0.31215880893300246
30045,0.20912547528517111,0.2013677811550152
30047,0.4259145214927947,0.3971934106162294
30049,0.4797579704510109,0.4704910758307859
30051,0.23271028037383176,0.22153209109730848
30053,0.24637177370296343,0.2269177368969108
30055,0.1395139513951395,0.12169811320754717
30057,0.29704797047970477,0.2679251269035533
30059,0.23648029330889092,0.22377622377622378
30061,0.2728719172633254,0.2516435354273192
30063,0.6220159531734191,0.611075503140623
30065,0.14562764456981664,0.13441955193482688
30067,0.4670499778858912,0.46018322762508806
30069,0.11572700296735905,0.11526479750778816
30071,0.17687074829931973,0.18007483629560336
30073,0.30777096114519426,0.2839506172839506
30075,0.13701067615658363,0.11974405850091407
30077,0.24203411651110396,0.22355163727959698
30079,0.1728395061728395,0.18263473053892215
30081,0.31434515909172434,0.2915607174764621
30083,0.15418502202643172,0.15062923523717328
30085,0.48899129544290837,0.4497991967871486
30087,0.3253731343283582,0.3074978938500421
30089,0.24331550802139038,0.21705919796308085
30091,0.29033889731917045,0.27814207650273226
30093,0.5729723769090809,0.5364654778235025
30095,0.20576717693129226,0.18349261511728931
30097,0.22980326496442027,0.22687986171132238
30099,0.2785615491009682,0.2679190751445087
30101,0.22636936500242366,0.20896273917421954
30103,0.1729490022172949,0.13443396226415094
30105,0.24729891956782712,0.2364693980778958
30107,0.21469465648854963,0.19866920152091255
30109,0.12984822934232715,0.13295880149812733
30111,0.3766559035493732,0.3600669608887536
31001,0.2946565953280179,0.28920081822670524
31003,0.12750352609308885,0.11551925320886815
31005,0.07473309608540925,0.060498220640569395
31007,0.10617283950617284,0.08900523560209424
31009,0.1111111111111111,0.1289198606271777
31011,0.15831218274111675,0.1656093489148581
31013,0.2079952503463289,0.2141683778234086
31015,0.11790393013100436,0.1233644859813084
31017,0.11499096929560505,0.12338858195211787
31019,0.27620704654197475,0.27232409381663114
31021,0.29179247872632447,0.2719225449515906
31023,0.19773499433748584,0.19920844327176782
31025,0.31881814510701306,0.3110451995615449
31027,0.14798938558889568,0.14495147635762956
31029,0.11495422177009156,0.1101511879049676
31031,0.11594653403792353,0.11495388669301712
31033,0.18316195372750643,0.1757088635856218
31035,0.18160919540229886,0.17732022126613398
31037,0.2799781480469817,0.24274633725940822
31039,0.1987662782727896,0.1969111969111969
31041,0.1337644656228727,0.13486616334934798
31043,0.4113943028485757,0.34899884163494954
31045,0.2696237229005731,0.2607781282860147
31047,0.27679858108857114,0.24973255675739928
31049,0.13932806324110672,0.15191146881287726
31051,0.21801741460147353,0.20147679324894516
31053,0.3354307841239109,0.33483270688274075
31055,0.5578663421258659,0.5515738804088233
31057,0.1062753036437247,0.10378378378378378
31059,0.22706422018348624,0.22237151494793417
31061,0.16112084063047286,0.148708254568368
31063,0.13328631875881522,0.1323319027181688
31065,0.1557377049180328,0.14910453977509372
31067,0.3125577100646353,0.3011611704598235
31069,0.13678844519966016,0.14581458145814583
31071,0.124765478424015,0.11496531219028741
31073,0.194043321299639,0.18288288288288287
31075,0.05063291139240506,0.040983606557377046
31077,0.18393574297188756,0.15711947626841244
31079,0.32178466694595725,0.30885356540271736
31081,0.20600700202690253,0.19460149553164327
31083,0.14865577227200844,0.15677491601343785
31085,0.06439393939393939,0.038696537678207736
31087,0.12161223071577484,0.10696692470091484
31089,0.12575618698441796,0.12636852848394878
31091,0.135632183908046,0.12971698113207547
31093,0.18870122306348283,0.1829059829059829
31095,0.27973568281938327,0.2702400893355667
31097,0.29884526558891455,0.29467232437529467
31099,0.19897814362759011,0.20650953984287318
31101,0.1771534710935686,0.17627200385821076
31103,0.09333333333333334,0.08088235294117647
31105,0.14636810486073185,0.16037735849056603
31107,0.1956333765672287,0.1794930349394839
31109,0.5400334678610099,0.5218937427122858
31111,0.22024697249895603,0.22054120541205413
31113,0.0853932584269663,0.0576036866359447
31115,0.16853932584269662,0.17096018735362997
31117,0.05821917808219178,0.043010752688172046
31119,0.22558049033597094,0.21670428893905191
31121,0.17851994233541565,0.17052090633029665
31123,0.15446178471388555,0.15301003344481606
31125,0.19988864142538976,0.1940463065049614
31127,0.27500746491489997,0.2724836212030971
31129,0.18049426301853486,0.17852348993288591
31131,0.3059343899741983,0.3035494207542519
31133,0.23115577889447236,0.20745069393718044
31135,0.13092105263157894,0.13253012048192772
31137,0.1531880220004074,0.15419039869812856
31139,0.121765601217656,0.11536471805483704
31141,0.21105787906254048,0.20564542115099568
31143,0.18787663948954272,0.17912048623525206
31145,0.1519865067466267,0.15459028831562974
31147,0.24477758663062177,0.2397330595482546
31149,0.10144927536231885,0.10240963855421686
31151,0.35356952109667084,0.3319019502594382
31153,0.4421956323442614,0.4409308596265293
31155,0.26778679958195994,0.26528481956456906
31157,0.2770002640612622,0.25898314191685134
31159,0.273073476702509,0.26372170071783546
31161,0.12917933130699089,0.14691558441558442
31163,0.206006006006006,0.19617224880382775
31165,0.10084033613445378,0.1142433234421365
31167,0.17200129324280633,0.16248348745046234
31169,0.21282401091405184,0.1927710843373494
31171,0.1066350710900474,0.11224489795918367
31173,0.48740225890529976,0.46504992867332384
31175,0.17812364894076957,0.17714285714285713
31177,0.2928235972645629,0.28548374082143146
31179,0.25067451557517784,0.25043564849390093
31181,0.18147345612134344,0.16962750716332378
31183,0.11871227364185111,0.11850311850311851
31185,0.2339600976029855,0.23946527172333623
32001,0.24559285196812364,0.24191461836998707
32003,0.5477139576524326,0.5133902267875595
32005,0.3485135989879823,0.33207818338603046
32007,0.2139637524650202,0.21069868995633187
32009,0.15611814345991562,0.16258351893095768
32011,0.105,0.10256410256410256
32013,0.2232355273592387,0.21790626591951096
32015,0.18411284335560504,0.18106686701728025
32017,0.1376720901126408,0.129644921552436
32019,0.28832476945588187,0.272863019960384
32021,0.36811722912966255,0.31755247878517195
32023,0.29368149580915537,0.28519147330692324
32027,0.24012291483757683,0.21946902654867256
32029,0.3209964412811388,0.30221780867262493
32031,0.5232106105648296,0.505102635196533
32033,0.20154856874706711,0.20791146691782433
32510,0.44145174708818635,0.4421779952393547
33001,0.4470139973010875,0.4341850176467664
33003,0.5076069392359523,0.4915288894081907
33005,0.5877229365408544,0.5496075669148722
33007,0.46995140554837916,0.4304693901439775
33009,0.6250353207120656,0.6009579486058751
33011,0.5390339649908137,0.5145377044635431
33013,0.5499864013417343,0.5263037161645512
33015,0.5107338634762814,0.48769472117027546
33017,0.5777731616119651,0.5609701206031481
33019,0.5184534270650264,0.4966332002741825
34001,0.533888864777281,0.4845805663450695
34003,0.5831491239518418,0.5173027152500467
34005,0.5993448088702799,0.584276760118556
34007,0.6700488379925901,0.6392479725758254
34009,0.4192893045412354,0.40238666146210894
34011,0.5307161150192887,0.48101426192717006
34013,0.7795030602258286,0.728016492492804
34015,0.5098857929217487,0.48574990434106424
34017,0.7341776249241352,0.6443220965114519
34019,0.47762982689747,0.4660141586677752
34021,0.703507432265621,0.6729440912958606
34023,0.6119545490199261,0.5414143809225401
34025,0.4859058855692457,0.4420180275925617
34027,0.5216039862379879,0.4860861807667917
34029,0.3542628026429732,0.31766465177871667
34031,0.5838692753701844,0.4852174799857223
34033,0.43472647571008227,0.4024062418043535
34035,0.606942222756034,0.5714004777576623
34037,0.40010907529676604,0.37308460224675855
34039,0.6803078558384317,0.6232370235627565
34041,0.41731188201776437,0.3946183787442884
35001,0.6252404063351102,0.60788961928691
35003,0.2594853903183602,0.2458028411536806
35005,0.2895584698461678,0.2720861002976872
35006,0.544151376146789,0.5079328843739299
35007,0.4438966337980279,0.4282700421940928
35009,0.2919802047318826,0.28305674518201285
35011,0.26042841037204056,0.2409356725146199
35013,0.5938285516165381,0.549939543403048
35015,0.23708366115919224,0.21714926854528976
35017,0.5366612458460015,0.5259707513867877
35019,0.5736866573686658,0.5036764705882353
35021,0.35943775100401604,0.30117647058823527
35023,0.4235717961914565,0.3821138211382114
35025,0.19721250971250973,0.18779567066469155
35027,0.31511444356748225,0.30406015037593986
35028,0.6384381338742393,0.6562473456213369
35029,0.4469953581733785,0.4033528067056134
35031,0.6979868370112272,0.6265603190428713
35033,0.658987915407855,0.5875867701102491
35035,0.36881683039207164,0.36212498417654754
35037,0.30757097791798105,0.2910344827586207
35039,0.6702036833760214,0.5992583594399336
35041,0.2799875699192045,0.2796987859228523
35043,0.5428961236992055,0.5295591826243413
35045,0.3548678297387994,0.33761212496133625
35047,0.6974975683084269,0.6424760853568801
35049,0.7733214608145043,0.7501038332803988
35051,0.39004649560874805,0.40172265288544357
35053,0.5334671062061058,0.4810234541577825
35055,0.7793418864338323,0.7441429189590159
35057,0.32939853850477796,0.3052391799544419
35059,0.21626199887069453,0.2326153846153846
35061,0.4509754323837228,0.4166105430723076
36001,0.6607153531931852,0.6292193626868005
36003,0.29965812812763215,0.28396084727329224
36005,0.8399013031948837,0.727176220806794
36007,0.5176742649487942,0.5021077804349036
36009,0.3490333196215549,0.33590120552778596
36011,0.45284764869184824,0.43504165057648814
36013,0.3984639282015878,0.390104746259693
36015,0.4314539135847295,0.4159965805572623
36017,0.3807642844019842,0.3638912375951226
36019,0.5265210161133093,0.48923722883135057
36021,0.5849641319942611,0.5735012934428073
36023,0.4900746762453918,0.46781232951445717
36025,0.4058144695960941,0.40115521584296016
36027,0.5491218015709807,0.5270669161637193
36029,0.5749374328869531,0.5483839664773668
36031,0.5256566083601966,0.5025049577288383
36033,0.4890333491887321,0.454925219185147
36035,0.3402548371873525,0.3207128812282977
36037,0.33770744886144344,0.3302425609928078
36039,0.4202786692123329,0.4151483809372265
36041,0.34616514839847196,0.3526499708794409
36043,0.3449508799944458,0.3177870024767154
36045,0.4030883174958077,0.38195727955454695
36047,0.7762101001896076,0.7198804160296158
36049,0.3006762069507784,0.27792789315216554
36051,0.4069604357611142,0.3927832384893947
36053,0.4457925636007828,0.43468829856777796
36055,0.6078129922160864,0.5953944723687749
36057,0.3849531898465399,0.356360817750218
36059,0.5482481126075053,0.47898706515262385
36061,0.8762250717425261,0.8241153738673436
36063,0.4508359697150749,0.4253789807669709
36065,0.4209444337549495,0.3937483766558111
36067,0.6051683346912811,0.5864024908508793
36069,0.49987944337282997,0.4941330074822986
36071,0.4990806223479491,0.458093830092072
36073,0.31541805453621635,0.29769764216366157
36075,0.39682063024342634,0.37909718494938094
36077,0.47428446101546223,0.46067097960193726
36079,0.46008186444428056,0.43156965537120107
36081,0.7279465474739127,0.6229887022552749
36083,0.5288437955827492,0.5068162363132275
36085,0.4245906764279082,0.35112103536274153
36087,0.5087792305420571,0.4408959798692303
36089,0.4403329618594919,0.40997974003505655
36091,0.5276091110837134,0.5091393433184146
36093,0.5800754036554381,0.5540943827745858
36095,0.35053777544596015,0.3473387601753287
36097,0.4098068038639227,0.39521844916957577
36099,0.453585252246933,0.44099005937687635
36101,0.3488423471191234,0.3410710334144722
36103,0.4998478237484159,0.45013109706713933
36105,0.45350471394273,0.4164591383998855
36107,0.39443193449334696,0.3855771195097038
36109,0.7518506094151851,0.7530934000217462
36111,0.6066345751360401,0.5932846894603805
36113,0.4991935712062477,0.4788965130934043
36115,0.4204537191885407,0.39393513968833355
36117,0.3998167659184608,0.3846466104370574
36119,0.6833995501920872,0.6314052927208065
36121,0.26740814928048073,0.2588624547030093
36123,0.4046226143665484,0.41918277931231546
37001,0.45740507298453126,0.45871207416357085
37003,0.2069086008086657,0.1983971853010164
37005,0.24713121569931815,0.2383025027203482
37007,0.5210621062106211,0.48738170347003157
37009,0.26666666666666666,0.27590286425902866
37011,0.23400619459574923,0.2361450909477715
37013,0.3695051783659379,0.3434807363826153
37015,0.6087535875358754,0.5789011953065029
37017,0.43089048347253267,0.397478234764335
37019,0.3735980260206371,0.3747816846093425
37021,0.6072913979374178,0.6257182358984766
37023,0.29721095679361986,0.2923219241443108
37025,0.4520143155486616,0.4608761840324763
37027,0.24183268813143236,0.23510601320820299
37029,0.2627799623867328,0.243988457839051
37031,0.28710144583461933,0.2827166214337724
37033,0.40672859653527493,0.3763611995309097
37035,0.3122257739100842,0.30841826666357114
37037,0.558376586830092,0.5631490072009472
37039,0.2210227623218802,0.20980135465877398
37041,0.42070484581497797,0.3869286287089014
37043,0.2494494200557921,0.247911227154047
37045,0.3340689220341655,0.3239167333242289
37047,0.35946419057766954,0.32957317073170733
37049,0.40528938290532773,0.3966803633217993
37051,0.5845565082594584,0.5678517523524781
37053,0.26463537723946506,0.2580862155950446
37055,0.4161849710982659,0.4051315048660822
37057,0.2593076270992279,0.26218936260300296
37059,0.2691552062868369,0.2648374137800349
37061,0.3886081560283688,0.3544030966833817
37063,0.8167679949420538,0.8147070269538587
37065,0.6360545562364104,0.6143063285920429
37067,0.5705942038496292,0.5666535939276299
37069,0.43172920065252857,0.43146894668091673
37071,0.3593146887500877,0.37375519552124864
37073,0.43057669541687804,0.3906303823630727
37075,0.19609967497291442,0.17767894959762812
37077,0.4666474432910419,0.4524694468942925
37079,0.44015621410521477,0.4090692692216139
37081,0.617326485483986,0.610710398115598
37083,0.6066341463414634,0.5890215198386012
37085,0.3857691636109656,0.3730925737538148
37087,0.3653343710045028,0.37294269018388465
37089,0.40466665675237573,0.4263992564407912
37091,0.6710476550680786,0.6348441345365053
37093,0.5552994307757445,0.5300539143608252
37095,0.424512987012987,0.3885642737896494
37097,0.33586394180261253,0.3353934635749498
37099,0.4578698620327493,0.45241853124129605
37101,0.3763981388559438,0.39120607509309396
37103,0.4011320065729414,0.37056868537666177
37105,0.42440234866489585,0.4118181206699401
37107,0.4825323638943075,0.4658157276995305
37109,0.2675400584500655,0.2697319400272603
37111,0.25674664318732116,0.2522726302761299
37113,0.3047796096081405,0.3082286664203916
37115,0.38051242236024846,0.38084549195660305
37117,0.47504621072088726,0.44812306663322465
37119,0.6784403159417065,0.6672066413339383
37121,0.2084403260020096,0.21865722767755194
37123,0.33969225938137854,0.30956561569585467
37125,0.3611038701492797,0.3511047778159959
37127,0.5011588828369452,0.4911145767149926
37129,0.5108404328449281,0.5031624050364499
37131,0.6034002783853649,0.5729440069991251
37133,0.34496190151256684,0.3184861862010813
37135,0.759150053718515,0.7587710144927536
37137,0.35876752181962446,0.3385199240986717
37139,0.501581471278441,0.47540575525241463
37141,0.3480804061878322,0.32361955223105293
37143,0.3369844489519946,0.3006492646084537
37145,0.3910111321539101,0.3804347826086957
37147,0.5479509242294223,0.5301867485290356
37149,0.3701155074956992,0.3732024122467914
37151,0.21538503971756398,0.21181016625059754
37153,0.4252817722502915,0.3949183487169084
37155,0.4061845983000897,0.36071159029649597
37157,0.3381472945256169,0.3191173177533945
37159,0.3192056455510903,0.3188953683222736
37161,0.2684711691059778,0.25935408786732617
37163,0.38643972231032175,0.3502055406613047
37165,0.49021079200491163,0.4651194821293299
37167,0.24202816565933247,0.24399021951152505
37169,0.2078810759792355,0.19979203802733214
37171,0.24051959513500096,0.23166926677067082
37173,0.400518657253998,0.3800690250215703
37175,0.4205179282868526,0.43842845973416733
37177,0.42064372918978915,0.39147956246401844
37179,0.37740014096834407,0.372296073167005
37181,0.5970127749495726,0.5672661509092736
37183,0.6348911196013771,0.6299390826284665
37185,0.6304176516942475,0.5962632006498781
37187,0.5497814473045167,0.5313240772096174
37189,0.5422987996072594,0.530342682964377
37191,0.4408819459616925,0.4173216723864349
37193,0.2139703159274136,0.1998000333277787
37195,0.514540721457791,0.5020045891222673
37197,0.1910540211210398,0.18530082267816433
37199,0.3291681542306319,0.32618449389806176
38001,0.20823244552058112,0.1826677994902294
38003,0.33778767631774315,0.3199152542372881
38005,0.4290187891440501,0.40602655771195095
38007,0.11745513866231648,0.14622641509433962
38009,0.2417550058892815,0.21855486173059768
38011,0.14048059149722736,0.13010685103708358
38013,0.121131741821397,0.12512030798845045
38015,0.2922675792389799,0.2797677622515253
38017,0.4860846497045701,0.45708064461254067
38019,0.2402432843385707,0.2515368852459016
38021,0.25872340425531914,0.23344509639564123
38023,0.22668947818648416,0.21679520137103683
38025,0.14914958569559528,0.15029425079221367
38027,0.30962004850444624,0.26825127334465193
38029,0.12,0.10778128286014721
38031,0.21498559077809798,0.20168573148705599
38033,0.1359126984126984,0.1259029927760578
38035,0.4312451869956809,0.407590219665272
38037,0.15310650887573965,0.1600312256049961
38039,0.25349794238683127,0.23813291139240506
38041,0.1522921522921523,0.14988290398126464
38043,0.15389972144846797,0.1730909090909091
38045,0.24263351749539594,0.21915820029027577
38047,0.12098298676748583,0.11527093596059114
38049,0.19262295081967212,0.1772760917838638
38051,0.18458274398868457,0.16825863335782512
38053,0.1537009063444109,0.14882266372332598
38055,0.22660280029476787,0.20529676934635613
38057,0.1543859649122807,0.15033557046979865
38059,0.2402730375426621,0.22596008922650268
38061,0.307843137254902,0.2811094452773613
38063,0.3393167342211928,0.337013364323068
38065,0.12320916905444126,0.14647887323943662
38067,0.24214417744916822,0.23051735428945644
38069,0.23871277617675313,0.22722567287784678
38071,0.31422546012269936,0.2953924248340492
38073,0.3999153618281845,0.3564509879891515
38075,0.17120622568093385,0.15273037542662116
38077,0.3310472170931153,0.30724313579326623
38079,0.6638138539716502,0.64271407110666
38081,0.36826347305389223,0.3335010060362173
38083,0.13131313131313133,0.13557046979865772
38085,0.7570621468926554,0.6964856230031949
38087,0.10377358490566038,0.0859375
38089,0.17105893627216098,0.167139767504731
38091,0.37547892720306514,0.3710819009100101
38093,0.2767321613236815,0.2725523944517566
38095,0.2763731473408893,0.2663594470046083
38097,0.3718555417185554,0.338987278623098
38099,0.2862357741035001,0.2690984170681349
38101,0.267466167895258,0.2590664272890485
38103,0.18929336188436832,0.18243243243243243
38105,0.15595340811044003,0.15402314407525208
39001,0.17927823050058206,0.16964502304520093
39003,0.29935470221093835,0.2775323686214775
39005,0.2520810852474179,0.24781307986518727
39007,0.3802291008827529,0.35685216622869237
39009,0.5762658968557385,0.5542093087087794
39011,0.1827576722071594,0.17467558002359418
39013,0.2794666340448957,0.2620143978208704
39015,0.2099712368168744,0.19079996248710493
39017,0.37832124127061767,0.367475653285154
39019,0.23228065161474706,0.22407880335643926
39021,0.2575950333316371,0.2438110267284742
39023,0.3815047220637637,0.3509558232931727
39025,0.3137435349984355,0.31946876050011497
39027,0.2326975476839237,0.22471746616869573
39029,0.2721605378425181,0.25306790291791653
39031,0.2507598784194529,0.23677224177316786
39033,0.24154874213836477,0.23315907393577295
39035,0.6724718238739649,0.6585343663174397
39037,0.17695904245371236,0.17089905656859455
39039,0.314474998685525,0.2987505930729084
39041,0.4652633954114319,0.46672722455622423
39043,0.44115199354399415,0.42858957423026117
39045,0.38068299581814413,0.378700982149258
39047,0.23899421593830333,0.2222133183748698
39049,0.6595044013275713,0.6434755845965489
39051,0.29756642107613307,0.28625319980239816
39053,0.2192885955262193,0.200836820083682
39055,0.3830767562879445,0.3784161034381428
39057,0.40057557269483135,0.39983590711893363
39059,0.2545040035587189,0.2378062743302038
39061,0.5806078952828232,0.57516790929817
39063,0.30885018519977936,0.3056318132146379
39065,0.23533932826070247,0.2241271332393925
39067,0.23386243386243386,0.22135453641913957
39069,0.27934805034041676,0.2642441467045608
39071,0.19505057247009294,0.18155750075460309
39073,0.2849379452155394,0.276769035343346
39075,0.15590304925723222,0.15149534237620527
39077,0.29043608459666853,0.2778354336545589
39079,0.22647058823529412,0.2079284607801718
39081,0.3049990866467759,0.2779772881684946
39083,0.2777005399463287,0.2734360264067903
39085,0.43103608919808684,0.4276340575160116
39087,0.26943694909156324,0.24556112639951747
39089,0.35708498525424276,0.3485683345542568
39091,0.2196011990095139,0.21659700978068852
39093,0.4875859446989761,0.47114359000406336
39095,0.58532565145506,0.5633802816901409
39097,0.2917114626529463,0.2793643031784841
39099,0.49037807119036275,0.45257183715422084
39101,0.3029825589916459,0.29136093801850965
39103,0.3812333569608613,0.3749186926724422
39105,0.23056994818652848,0.2131861748475167
39107,0.17162081594412743,0.16394485683987275
39109,0.2746256618858926,0.2722947856631313
39111,0.2270797962648557,0.1984551396316102
39113,0.5114162167074343,0.5023797917830803
39115,0.2549512267218445,0.2318668252080856
39117,0.22333793103448277,0.21914586562616922
39119,0.3004919925699081,0.27867045949616875
39121,0.18556701030927836,0.17470174865174048
39123,0.38111355559316296,0.37349397590361444
39125,0.23798257877191095,0.2162132752992383
39127,0.24904284412032818,0.2253587949234966
39129,0.26182026741226655,0.25503378844297336
39131,0.2535257194097986,0.22997118155619597
39133,0.4367490906418782,0.4216278505579816
39135,0.20883104810597258,0.20210340174042532
39137,0.16295200693629827,0.1530758226037196
39139,0.2984165651644336,0.28660021765793153
39141,0.32151667428049335,0.30158973259411276
39143,0.35928387359283875,0.3442784380305603
39145,0.2865347596957935,0.2587502822671699
39147,0.32604922688545285,0.3105254738862673
39149,0.17941093743721623,0.1733758469509765
39151,0.40590157271886246,0.3893891591078393
39153,0.5485260451137609,0.535241680970046
39155,0.44647137284005095,0.41526618690007416
39157,0.2973446835997878,0.281885484022116
39159,0.3395611094178604,0.3503629862390292
39161,0.20839845077121696,0.20525451559934318
39163,0.22320979372798927,0.20508771929824562
39165,0.34365232699523335,0.34086503688702446
39167,0.2929635499207607,0.2795747862553233
39169,0.3118740523034875,0.30188750901978656
39171,0.2646769432600853,0.2565037282518641
39173,0.46128001928465967,0.44871660711883155
39175,0.2441268423403305,0.2417884019477645
40001,0.198938611589214,0.18030493775353196
40003,0.10497737556561086,0.11095439586271744
40005,0.14374295377677565,0.13883443236499732
40007,0.08804448563484708,0.07538167938931298
40009,0.13410108765195136,0.1444429760803489
40011,0.1799163179916318,0.18013422818791947
40013,0.21210187017297505,0.20315346083788707
40015,0.2757409893628008,0.2595698924731183
40017,0.27768194785377825,0.2938719635698222
40019,0.23318900307788618,0.22250546249089584
40021,0.34939130434782606,0.33361965298058754
40023,0.18719723183391004,0.16926663080509236
40025,0.0673076923076923,0.07127429805615551
40027,0.4276848863558333,0.4237379668601113
40029,0.15172413793103448,0.138
40031,0.39671591827311553,0.38111513998692265
40033,0.15657370517928287,0.15941439609597396
40035,0.20616635609012365,0.20362903225806453
40037,0.22018010779685984,0.21609576786701798
40039,0.22715504842266757,0.22853991175290814
40041,0.20388748605320337,0.1943294933452634
40043,0.09153122326775022,0.0953032375740994
40045,0.08756756756756756,0.11054994388327721
40047,0.22472474759011377,0.22614494916518982
40049,0.17360141487480218,0.16585365853658537
40051,0.1826999382770479,0.18206630809986354
40053,0.12750455373406194,0.14121589277166108
40055,0.16968442834971548,0.1674931129476584
40057,0.19155844155844157,0.18878718535469108
40059,0.09295967190704033,0.10272536687631027
40061,0.1582457558609539,0.14731226918342225
40063,0.1916979557780559,0.18163934426229508
40065,0.20477730778800696,0.20286184627073572
40067,0.13603411513859276,0.13638306968790082
40069,0.176597272074659,0.1649782923299566
40071,0.23942159535379876,0.24887177327155666
40073,0.1339607843137255,0.13842231553689263
40075,0.20729537366548043,0.2039045553145336
40077,0.1814717789949988,0.1686896210056973
40079,0.1782087294727744,0.17195009990819246
40081,0.17842976337026398,0.1783389228644703
40083,0.25898494991216825,0.2495242927819358
40085,0.17704183266932272,0.16408668730650156
40087,0.1897547279758436,0.1916238828674653
40089,0.16380146345763907,0.1516858957159467
40091,0.24759234426429355,0.23270062469966363
40093,0.09400705052878966,0.09578207381370826
40095,0.18360874645301284,0.17937701396348013
40097,0.2192896509491733,0.2070644839523558
40099,0.20041608876560332,0.187207488299532
40101,0.32692542662811064,0.3089770354906054
40103,0.20791873963515756,0.20752776635129577
40105,0.16473854696899584,0.1602136181575434
40107,0.22660596863935256,0.21708185053380782
40109,0.4942010084596233,0.4914142648209726
40111,0.3106595365418895,0.28261950422615245
40113,0.2982656661531581,0.2894282472497657
40115,0.23915946932597276,0.22825197709299155
40117,0.20558069381598792,0.20044378698224852
40119,0.37970540098199673,0.3702405160928406
40121,0.2138600374595607,0.20058911863232068
40123,0.27590135370593755,0.26207778226349077
40125,0.2644012356896238,0.25783329193428195
40127,0.1426131511528608,0.13273001508295626
40129,0.09348914858096828,0.0936768149882904
40131,0.21983035304906007,0.22014407220968582
40133,0.26344810684965075,0.2468995191090863
40135,0.20035648270398732,0.1887907520457202
40137,0.1685369242278508,0.17656045395024006
40139,0.16558621967030931,0.15512519561815336
40141,0.22334455667789002,0.19952114924181963
40143,0.41990985090726973,0.4221471596922171
40145,0.24441941725143665,0.24671444059549938
40147,0.25321437942797165,0.25599893941402624
40149,0.12766865926558496,0.12027941497489632
40151,0.16489955357142858,0.17203698514990193
40153,0.13195903361344538,0.13434287302028342
41001,0.24190554753557433,0.24781906300484652
41003,0.7065772606251849,0.705144897102058
41005,0.5571704494454062,0.5501427574942269
41007,0.5583124405636725,0.5586637331058327
41009,0.44650637405196064,0.428134047722054
41011,0.39484919050787315,0.3977415674458064
41013,0.2519220572640509,0.2401673640167364
41015,0.4165864392793288,0.4171558555914294
41017,0.5424149726991645,0.5519307533929997
41019,0.30676614685068365,0.30690411883862256
41021,0.27979274611398963,0.2655109489051095
41023,0.20764416629414395,0.1892458100558659
41025,0.204623483634699,0.19390243902439025
41027,0.6890478811227297,0.6845637583892618
41029,0.4822006210122662,0.466961764349197
41031,0.3792954584700397,0.34518883704551456
41033,0.36753515796183417,0.3508712569785146
41035,0.2910129986553115,0.285378317170896
41037,0.18582824964805256,0.16596482536537033
41039,0.6258255628731917,0.6194566879553837
41041,0.5825096331043725,0.5950551170149877
41043,0.3787536786765336,0.37411190375869935
41045,0.28479077487551324,0.27151491892929097
41047,0.5058483555800193,0.48968553459119496
41049,0.27657857575146255,0.24966916629907365
41051,0.8156666163235934,0.8218391679350584
41053,0.49126455015112863,0.48040699076815124
41055,0.2201524132091448,0.2070524412296564
41057,0.49123020706455545,0.49304403318442885
41059,0.33483441223379307,0.30588078321491713
41061,0.2923309510720176,0.2905497664390945
41063,0.3231258699542653,0.3184855233853007
41065,0.48419972138719847,0.47064816991927266
41067,0.6793888930239181,0.6757720964822428
41069,0.2338362068965517,0.2542372881355932
41071,0.47904803878360513,0.4683256694617257
42001,0.32670016149291226,0.33020469296055915
42003,0.6035811969644318,0.6025359104484724
42005,0.23526957102320148,0.23210941952291786
42007,0.41043916409168724,0.3955632597066987
42009,0.1594261098130841,0.15489033364292348
42011,0.45844416698333423,0.4385183973205263
42013,0.2801944647453211,0.2811302904821725
42015,0.27140255009107467,0.2583503087916707
42017,0.5221192667804192,0.49963364245013886
42019,0.33529101522343496,0.3376206054768587
42021,0.3112511637900165,0.30002125097400295
42023,0.26361746361746363,0.24543795620437955
42025,0.33775153632967825,0.3245968890661501
42027,0.5240948879322752,0.5143218091759644
42029,0.5865239582294806,0.5730486970582748
42031,0.24293726630660573,0.23277885498520257
42033,0.2488167506945159,0.24040570175438597
42035,0.3161342220179269,0.2938453159041394
42037,0.3438459027097617,0.3434139993183156
42039,0.3115493093556397,0.30223538537479727
42041,0.4463382978265702,0.45218465486411596
42043,0.5432454553583097,0.5299490531187204
42045,0.6352356480128017,0.6199448798287888
42047,0.2713959908774457,0.2633031833666158
42049,0.5052421294069772,0.4948284209445284
42051,0.33150102965737543,0.30939681233282157
42053,0.2789272030651341,0.2757044935262757
42055,0.281446521144263,0.28314912143552984
42057,0.13718548489063093,0.13536420587151454
42059,0.28078902229845626,0.27153923481757436
42061,0.24193548387096775,0.23344205262013482
42063,0.3102423691771235,0.302944264172552
42065,0.20131631609374306,0.2051695580158661
42067,0.1892959166526634,0.19065856298393138
42069,0.542234856767986,0.514032011470921
42071,0.41965036079636014,0.419439206648509
42073,0.35058694459681844,0.3300061983029474
42075,0.3386779502710046,0.3387476717431796
42077,0.5384257204993782,0.5136249226765641
42079,0.42735273580058236,0.40338694271626613
42081,0.29043519928807354,0.29092383865353094
42083,0.2657838486001773,0.26209264193482273
42085,0.368239818213599,0.3478914102165579
42087,0.21637756780895973,0.21602262876956066
42089,0.5322155920083106,0.49604997461119704
42091,0.6327313845745597,0.6152393997834751
42093,0.3921996879875195,0.3938405058127677
42095,0.503649202976187,0.49104107167142663
42097,0.30452328905330417,0.29842470361691764
42099,0.2454316709978138,0.2508052478592191
42101,0.8197765196258129,0.7975667782325827
42103,0.4039153636137999,0.3787821973521013
42105,0.19252649191299498,0.18592518592518592
42107,0.2978102819046524,0.28784098584365997
42109,0.2598846133488594,0.26322664924885697
42111,0.21570289132602194,0.21178151715982163
42113,0.26016949152542374,0.2639978360833108
42115,0.2908175162057548,0.27437294546764535
42117,0.2394066772962265,0.2386299831555306
42119,0.3769351016085926,0.3819576820434617
42121,0.29001299992352986,0.2876221375485721
42123,0.298773580259075,0.30218417084204896
42125,0.38481496654376623,0.37165153634174397
42127,0.3302788558286618,0.3131309674549126
42129,0.3564619193761212,0.35683524524562676
42131,0.32131147540983607,0.3140518051268286
42133,0.3751974689904491,0.372456545520846
44001,0.6493973736283504,0.634697884098015
44003,0.539028030818535,0.5095985461754502
44005,0.6522296938594939,0.630365091445836
44007,0.6167220430328558,0.5737505017684973
44009,0.5990425860932941,0.576805352402622
45001,0.33298148749594025,0.2854383607658717
45003,0.3848492797863207,0.3686888915066557
45005,0.7649873346467774,0.7269979852249832
45007,0.2867924926636688,0.2603363231008454
45009,0.6239302940718843,0.5772994129158513
45011,0.46220133176654915,0.4213894910705069
45013,0.4494115698715494,0.4266860606060606
45015,0.440684077177938,0.41743634941048446
45017,0.4756394640682095,0.4273646486624856
45019,0.5656200240243596,0.5288620355780002
45021,0.27902980899864144,0.2410699788926774
45023,0.44490737773219663,0.4129883637781967
45025,0.39678556172575824,0.3582023953411713
45027,0.49665884052736137,0.43796887593775186
45029,0.4517382627875223,0.4081451969898185
45031,0.47485336328466243,0.4326531973061279
45033,0.49439237978184053,0.44539814736126454
45035,0.44659809604288525,0.4256498270621528
45037,0.37702671842886504,0.33881172278379756
45039,0.6148080286499542,0.5670792302827717
45041,0.48853657006649104,0.45930936158220187
45043,0.4357597289928117,0.40130326352202944
45045,0.40715112763830213,0.38696131314888926
45047,0.3846275652394223,0.35320363505134345
45049,0.5767688807021346,0.5324148111698856
45051,0.33247004230313315,0.30544882476328633
45053,0.5037509640328122,0.4513411660385724
45055,0.3828459451311426,0.35711913030348785
45057,0.38451542163292657,0.3746768584128401
45059,0.3368033683652157,0.29348371766123366
45061,0.6391987525488785,0.59409204800211
45063,0.34690187027681224,0.3302597043790579
45065,0.47599645704162974,0.4134583744652846
45067,0.6083796201056024,0.5533202238693087
45069,0.5549673548614787,0.5120103657928835
45071,0.3781316232813434,0.3261670761670762
45073,0.25962305544475467,0.23915802581479442
45075,0.6673920485109296,0.624132086818654
45077,0.24128235959824587,0.23299619248897163
45079,0.6945092019718886,0.676104929966672
45081,0.32301319088629676,0.275544576689872
45083,0.3613041519326079,0.32983830052945845
45085,0.5659273651791067,0.5247535842293907
45087,0.37620064034151546,0.3351386837354341
45089,0.6503381581442387,0.6098318971606159
45091,0.416326242635905,0.40314125501390025
46003,0.23155588020452886,0.22238586156111928
46005,0.3046999276934201,0.2947537629694578
46007,0.4017241379310345,0.3652582159624413
46009,0.2439106901217862,0.23764064098192977
46011,0.43302622253720763,0.4107744107744108
46013,0.38193714218950814,0.3633373205741627
46015,0.27775484936029715,0.28220338983050847
46017,0.6579439252336449,0.6395604395604395
46019,0.20107066381156316,0.1896898912605719
46021,0.13541666666666666,0.14527845036319612
46023,0.31563421828908556,0.28161081385525205
46025,0.24143646408839778,0.23094045631608237
46027,0.556598664018776,0.533526640086988
46029,0.29988276670574443,0.2911517173402077
46031,0.49014972419227737,0.43960923623445824
46033,0.28321548195013024,0.2664965986394558
46035,0.320542307226728,0.3064462071276952
46037,0.36015063334474495,0.3477051460361613
46039,0.2638648180242634,0.23518930957683742
46041,0.5887558563248309,0.5654794520547946
46043,0.12826603325415678,0.1336996336996337
46045,0.2132992327365729,0.1918081918081918
46047,0.26787077079623506,0.24729891956782712
46049,0.1703958691910499,0.1659111514052584
46051,0.2874251497005988,0.2672316384180791
46053,0.20440251572327045,0.19223826714801445
46055,0.09283819628647215,0.09467989179440937
46057,0.21430937396488903,0.19242902208201892
46059,0.20653377630121816,0.20964962665134979
46061,0.23702127659574468,0.19850746268656716
46063,0.06148055207026349,0.059850374064837904
46065,0.34843657817109147,0.3453815261044177
46067,0.20561252023745277,0.20555404301660768
46069,0.19428571428571428,0.2182890855457227
46071,0.3272561531449407,0.3216216216216216
46073,0.272452068617558,0.2804878048780488
46075,0.15306122448979592,0.11173184357541899
46077,0.30077120822622105,0.27646416878865043
46079,0.359714732997043,0.34121097119199584
46081,0.34138449962377726,0.33876351982908265
46083,0.3791695676941579,0.3646143475085669
46085,0.33503509891512445,0.29823321554770316
46087,0.27106097990835387,0.24763513513513513
46089,0.17116422513492677,0.14745098039215687
46091,0.4,0.37777777777777777
46093,0.24962006079027355,0.2390970086664803
46095,0.3989290495314592,0.3963838664812239
46097,0.28906955736224027,0.2583774250440917
46099,0.45114843253725023,0.4350569389200676
46101,0.3766773162939297,0.3371794871794872
46102,0.9049904030710173,0.8634376051126808
46103,0.37015214931110674,0.3641663639665819
46105,0.14573170731707316,0.14522292993630573
46107,0.16617862371888725,0.1681068342498036
46109,0.43194706994328924,0.38291605301914583
46111,0.22117039586919104,0.21801346801346802
46115,0.3217279174725983,0.30039138943248533
46117,0.2592364532019704,0.2618629173989455
46119,0.2030735455543359,0.19004524886877827
46121,0.7867735470941883,0.7595549104983067
46123,0.18637048192771086,0.17938931297709923
46125,0.2571686610973132,0.23630602082390223
46127,0.31433844734110045,0.29260450160771706
46129,0.22323192414065587,0.19867823213548122
46135,0.37897518165518546,0.36865090667426187
46137,0.5435028248587571,0.4854111405835544
47001,0.3361775232641374,0.31919018472872296
47003,0.2367735417663636,0.20719815019603902
47005,0.21244963179102402,0.18284048313202833
47007,0.17047050561797752,0.1449959316517494
47009,0.2746052893523836,0.2583853839064991
47011,0.21864387970258573,0.2023496549457772
47013,0.16524505821825075,0.14948119325551232
47015,0.19547356998914897,0.16612855884942765
47017,0.217528051683101,0.1895585738539898
47019,0.18782399535520258,0.18090248162138012
47021,0.27636327185244586,0.2671751992567601
47023,0.19174361759913092,0.17164975974372665
47025,0.17195064813368732,0.14671728450200983
47027,0.21193771626297578,0.16456714017689628
47029,0.1723715549506635,0.15560567010309279
47031,0.2418602679328472,0.22101243194929715
47033,0.2282411230388109,0.20374787052810903
47035,0.2109355405066466,0.20340165721761885
47037,0.6658520076953598,0.6400932007123801
47039,0.17611533216442626,0.15124653739612187
47041,0.2077891237235811,0.18334228909188607
47043,0.2571055623394669,0.23732691149909693
47045,0.21157711376122204,0.18916841369671558
47047,0.30932781617291016,0.28624978701652753
47049,0.14026574234546504,0.11840478153338829
47051,0.2580234470319877,0.23172166794576618
47053,0.2619609623241035,0.23780658397836427
47055,0.2521021250573307,0.22247157390783961
47057,0.14623205741626794,0.12945217862954259
47059,0.18934372496175977,0.16742051999609514
47061,0.17063903281519863,0.15090735434574976
47063,0.22623503763728353,0.20295815866487385
47065,0.4505279484579133,0.43370117460613405
47067,0.1324067300658376,0.11549100968188106
47069,0.42052313883299797,0.3784334763948498
47071,0.15660843479795306,0.1420355088772193
47073,0.16673472721332896,0.15303419951637048
47075,0.5454792658055745,0.5018948006669698
47077,0.17596097232736144,0.15869837296620776
47079,0.23994048826672076,0.22031511900771036
47081,0.2194292778407335,0.19231896804456172
47083,0.24268598495402618,0.20547581073896865
47085,0.24788005407398303,0.21635851597893963
47087,0.21606700932800305,0.1848560255954497
47089,0.199699635271401,0.17609792342888428
47091,0.16152450090744103,0.15072752145255566
47093,0.4233244737500116,0.4008409250175193
47095,0.2606541129831516,0.22320499479708636
47097,0.3600992443893087,0.31338371526084835
47099,0.17243240325975498,0.15174514663362246
47101,0.19329246303642264,0.16960465514290604
47103,0.19203947368421054,0.17398373983739837
47105,0.24242001325843482,0.23210861160999666
47107,0.19331530652954476,0.17617252931323282
47109,0.17606016672707503,0.15469365818702974
47111,0.1389981920663618,0.12476795310210063
47113,0.4344128693926724,0.4079746835443038
47115,0.2427414425427873,0.21905313450123062
47117,0.24610868377935555,0.21433990895295904
47119,0.3142408787759906,0.27454824246423787
47121,0.1841095890410959,0.15992070047910129
47123,0.1831897600622962,0.16300713833920666
47125,0.43493751590565105,0.4065018440103811
47127,0.16555908696908408,0.1504719600222099
47129,0.14412745461281956,0.1242777974295484
47131,0.1935122206442933,0.17328548022158072
47133,0.20430107526881722,0.17597739907044563
47135,0.18141592920353983,0.15093318907222072
47137,0.18066070199587062,0.16632513661202186
47139,0.18010622887493966,0.15661815661815662
47141,0.2788064594463332,0.26026921406860615
47143,0.1765407258365005,0.1618367632647347
47145,0.23910893047916748,0.22422832668734308
47147,0.26158661369928976,0.24296586715867158
47149,0.4213931160835387,0.38947665106175283
47151,0.10967741935483871,0.09863874345549738
47153,0.1814623235006291,0.16534425390325058
47155,0.20518068887634106,0.1911828895678743
47157,0.654673866780166,0.6291677581109906
47159,0.20161109867979413,0.17243243243243242
47161,0.199288256227758,0.17712627882119408
47163,0.23617568232784553,0.22231137500334322
47165,0.3037285755042026,0.2884283068262953
47167,0.2540974467610659,0.23329934670140856
47169,0.2563323201621074,0.20308422301304863
47171,0.1966155344533723,0.18665720369056069
47173,0.15511674118231494,0.1413953488372093
47175,0.1884961884961885,0.16162862430598396
47177,0.2487637885127425,0.2165805570402043
47179,0.31545986933414577,0.3000330961442992
47181,0.12396069538926682,0.11242254352316318
47183,0.22510435301132975,0.20541233227800393
47185,0.18239850200017022,0.1641709561690844
47187,0.3671302056649345,0.3352734839058886
47189,0.30674017918676777,0.2971474838066766
48001,0.20744820351429322,0.18900790349417637
48003,0.14672881063352322,0.13408750623856264
48005,0.2671907419854467,0.23822196227518644
48007,0.23990127519539284,0.2191006888011764
48009,0.09397387273493468,0.10172143974960876
48011,0.06756756756756757,0.06962025316455696
48013,0.327993301702484,0.2816616561902159
48015,0.20495902208640088,0.18437765992273947
48017,0.22192078133478024,0.1922408801389693
48019,0.19941092182773443,0.1879593200207854
48021,0.4299527646568491,0.4069483329091372
48023,0.10912343470483005,0.11117824773413898
48025,0.3537766300839251,0.2989560628656648
48027,0.45645159999039286,0.4179611876035746
48029,0.5923520942581267,0.5492994042198645
48031,0.25985858036442755,0.2343230403800475
48033,0.0387409200968523,0.04145077720207254
48035,0.17286821705426356,0.16053934478036447
48037,0.28383910413860497,0.2549719811009779
48039,0.4076221169781411,0.40024273818684586
48041,0.4265133507884989,0.3739048776445893
48043,0.47849120576393306,0.43619849357554275
48045,0.1087866108786611,0.0975609756097561
48047,0.5956239870340356,0.5484276729559748
48049,0.13331224296108826,0.12747384155455904
48051,0.2095885593717032,0.1834319526627219
48053,0.2310497418667541,0.21906911748898206
48055,0.45378494184860235,0.427022841656988
48057,0.2757735267685197,0.23780800821355236
48059,0.1088052179069078,0.10963838063679585
48061,0.5664529820062779,0.47078933439769544
48063,0.27768924302788844,0.23042977743668458
48065,0.09655396618985695,0.09188846641318124
48067,0.20212612091408735,0.17065040073764096
48069,0.2253384912959381,0.2077534791252485
48071,0.18721311475409835,0.1693121693121693
48073,0.21801046035938065,0.18409794955008113
48075,0.13759431868619618,0.11668145519077196
48077,0.10804152736230864,0.0994550408719346
48079,0.1795131845841785,0.16761041902604756
48081,0.10090702947845805,0.09933407325194228
48083,0.11021505376344086,0.10338164251207729
48085,0.4778867821455398,0.4427697453797376
48087,0.1288445552784705,0.11240632805995004
48089,0.24464213505863325,0.21224325412807088
48091,0.2835118653358609,0.2702175016595728
48093,0.14145936981757878,0.12805158912943343
48095,0.15697211155378485,0.12846347607052896
48097,0.17069020525364245,0.16317475967463643
48099,0.3288701473720819,0.29428680170846194
48101,0.17304747320061256,0.13608562691131498
48103,0.16196236559139784,0.13468501086169443
48105,0.21994884910485935,0.22907801418439716
48107,0.27405096203848156,0.24156400642742368
48109,0.5134818288393904,0.4142857142857143
48111,0.12421185372005045,0.1057759220598469
48113,0.6609337803041345,0.6130814082503385
48115,0.21495078478318702,0.1918320391141789
48117,0.2773146116717859,0.2396519285042333
48119,0.1571150097465887,0.1499811106913487
48121,0.45891651973004194,0.43324118147430907
48123,0.18533680684778564,0.16313423249839434
48125,0.13224821973550355,0.14747474747474748
48127,0.6206140350877193,0.5163838502047982
48129,0.12102689486552567,0.10320284697508897
48131,0.5131526504583499,0.45092300765420984
48133,0.11958637469586375,0.11040288634996993
48135,0.25796568627450983,0.23353817064523752
48137,0.1583411875589067,0.13273453093812376
48139,0.3270567855532617,0.34326103049293705
48141,0.678686413393432,0.5765909457064604
48143,0.17566265060240963,0.15757409440175632
48145,0.31254114549045425,0.27482753088400447
48147,0.17907729664103603,0.16038142110119963
48149,0.20737219451371572,0.19032843953382775
48151,0.19555555555555557,0.18161805173362686
48153,0.2166172106824926,0.17269657501205982
48155,0.18198529411764705,0.17037037037037037
48157,0.5535482775214425,0.5081013992553174
48159,0.1619335347432024,0.15380249716231556
48161,0.1895432413633202,0.16657406378486497
48163,0.46177311725452813,0.3765281173594132
48165,0.09711684370257967,0.0843524615867043
48167,0.3852101104397295,0.3612881861081215
48169,0.14051094890510948,0.1342155009451796
48171,0.2024219247928617,0.19313042415352646
48173,0.06,0.057488653555219364
48175,0.22135285209490158,0.19666329625884732
48177,0.25716171617161715,0.22425421530479897
48179,0.10809753553266398,0.11212845010615712
48181,0.24725152976870238,0.22645204724891363
48183,0.312884603184673,0.28700345423143353
48185,0.23098247044435385,0.19625296102218076
48187,0.37723617695591816,0.3509565176113168
48189,0.2410109983079526,0.2071630742434139
48191,0.14445399828030955,0.13058720420683612
48193,0.15057552266854593,0.14095624718087504
48195,0.08238213399503722,0.07344064386317907
48197,0.1534054742202419,0.13447782546494993
48199,0.12710376115908092,0.11937370711177687
48201,0.567197896249312,0.5281024848086735
48203,0.269217675495336,0.24541246211742765
48205,0.09452253999030538,0.08125623130608176
48207,0.16096671226630188,0.14029583146571045
48209,0.555240476101638,0.5285965506671184
48211,0.12174940898345153,0.11860174781523096
48213,0.19626921686914459,0.18066217557052588
48215,0.5861168768230571,0.4855000766454382
48217,0.19342621398620316,0.17597058114299494
48219,0.1848341232227488,0.1666456732585968
48221,0.1757093081134893,0.1674759960269286
48223,0.1932128131937837,0.17497450662827665
48225,0.246852997653083,0.22175687285223367
48227,0.20438605156574138,0.18368838763575607
48229,0.3226086956521739,0.26595744680851063
48231,0.2339436286742494,0.22032837817428638
48233,0.11161230626879481,0.11153188370388468
48235,0.13651877133105803,0.12124711316397228
48237,0.08829021072285943,0.08680057388809183
48239,0.16491060025542784,0.1441283966311775
48241,0.19062983995869903,0.16574760727641502
48243,0.3898832684824903,0.391644908616188
48245,0.492006877182491,0.45522143759060935
48247,0.5896551724137931,0.5414294750158127
48249,0.45085470085470086,0.42208431090592596
48251,0.2315872390705002,0.24059050738134227
48253,0.1500225259047905,0.13154459753444525
48255,0.2372164552095348,0.2080364212193191
48257,0.32849060308054756,0.35944700460829493
48259,0.2306248323947439,0.2189642697171209
48261,0.3385416666666667,0.26282051282051283
48263,0.10262008733624454,0.11363636363636363
48265,0.23807612305222056,0.22610096670247046
48267,0.12505504183179217,0.10934227063259322
48269,0.050314465408805034,0.044444444444444446
48271,0.28050314465408804,0.24556422995031937
48273,0.49121833980403035,0.43597989949748744
48275,0.18339100346020762,0.1562043795620438
48277,0.21010462814591385,0.19310703971973678
48279,0.1926163723916533,0.1766416283014296
48281,0.2095796676441838,0.19941034575180916
48283,0.4407205697528278,0.39702127659574465
48285,0.13149847094801223,0.11818181818181818
48287,0.21861336664584635,0.19607843137254902
48289,0.1247236765561373,0.11458679977814754
48291,0.19888610031973047,0.19081204116308145
48293,0.24583425905354367,0.2133970228838036
48295,0.09805389221556886,0.0985576923076923
48297,0.16321243523316062,0.15015785319652722
48299,0.19650829081632654,0.19334073251942285
48301,0.0625,0.10416666666666667
48303,0.33662241962347955,0.3003193338453454
48305,0.18763700131521263,0.1457187745483111
48307,0.14437242192103714,0.13044724770642202
48309,0.38124928557325605,0.34389503295453394
48311,0.10331384015594541,0.07628865979381444
48313,0.20696214571048127,0.17649212742585133
48315,0.27843626533582866,0.23535699016673792
48317,0.13426573426573427,0.1192084942084942
48319,0.18668300653594772,0.17290836653386454
48321,0.2749300338783326,0.24499545040946316
48323,0.547689476105962,0.4070123898326734
48325,0.3021637296453268,0.28467272876218563
48327,0.1931372549019608,0.16488845780795344
48329,0.21274135937742653,0.19471652800411698
48331,0.2381679389312977,0.2114861186717474
48333,0.10892282958199356,0.11363636363636363
48335,0.1546552395792754,0.14102564102564102
48337,0.11295304777594728,0.10948971268014139
48339,0.27777591042691374,0.27043363649212304
48341,0.19590481460985057,0.1617149304249718
48343,0.30120916802021297,0.24278312361213916
48345,0.07076923076923076,0.05409582689335394
48347,0.341193418758056,0.3043736394221255
48349,0.2698799005343633,0.23909400233609263
48351,0.19372419488026424,0.16605616605616605
48353,0.21953523521632345,0.20126282557221783
48355,0.48529575759506777,0.4420792202508946
48357,0.09698137443802184,0.08990641711229946
48359,0.0811623246492986,0.07636738906088751
48361,0.1788537827420308,0.16451737879123313
48363,0.17625637290604515,0.1619069205197945
48365,0.1807080734428534,0.16703200350723366
48367,0.17341664224241293,0.16517103509551312
48369,0.18604651162790697,0.14773183460457648
48371,0.3006308462040461,0.2732919254658385
48373,0.2248330550918197,0.2035148802122192
48375,0.3030145688891604,0.275484175720359
48377,0.6698717948717948,0.6526582278481012
48379,0.14040353510088377,0.13332310524700827
48381,0.20129563822761723,0.19524823016196471
48383,0.15439856373429084,0.14984059511158343
48385,0.163015792154865,0.16237113402061856
48387,0.21620683671698768,0.19066551426101988
48389,0.3822965195944094,0.31378299120234604
48391,0.33393610608800484,0.30101539469374383
48393,0.031135531135531136,0.03527336860670194
48395,0.29600997506234417,0.2376897445390596
48397,0.3088561857804208,0.2935392802673849
48399,0.12663454920853406,0.11210317460317461
48401,0.21873080376128148,0.2010569746418803
48403,0.12268476068219329,0.10607695073714492
48405,0.2457988462503135,0.21712292002147074
48407,0.1869899183869419,0.17127332860855185
48409,0.35241530740276034,0.3164182635438845
48411,0.11059730250481696,0.10267857142857142
48413,0.1833188531711555,0.17486338797814208
48415,0.141010170660231,0.12924810706110232
48417,0.080545229244114,0.0853302162478083
48419,0.2059145673603505,0.1757698132256436
48421,0.0931422722620266,0.055491329479768786
48423,0.3000658594660317,0.27249934404244774
48425,0.1576031192284014,0.14321128909229597
48427,0.5252158894645941,0.41971986054192917
48429,0.10497091485986251,0.1023454157782516
48431,0.08031496062992126,0.06869009584664537
48433,0.15868673050615595,0.15406162464985995
48435,0.20854922279792745,0.16344086021505377
48437,0.20576840292724924,0.17967008470798038
48439,0.5011116414304987,0.4740330429143648
48441,0.2694744619931652,0.24851337054467185
48443,0.26269315673289184,0.22469135802469137
48445,0.21210423087699637,0.17254556143445032
48447,0.09234234234234234,0.08147321428571429
48449,0.27393055821983503,0.2244475138121547
48451,0.27471269527742864,0.25753601280455274
48453,0.7298429161566451,0.700251681386108
48455,0.19168356997971603,0.16300641113081435
48457,0.14619151818276543,0.1309910854745674
48459,0.15396553569517285,0.14271977326787794
48461,0.1261127596439169,0.11274131274131274
48463,0.3974821899092417,0.3317525773195876
48465,0.4497509133178346,0.3656881750207699
48467,0.1363530597998914,0.1240962555303766
48469,0.307664947536902,0.2855918647166362
48471,0.33896556171804465,0.29872677770659833
48473,0.36483898267337755,0.3735509904622157
48475,0.19076154806491885,0.16755745590593266
48477,0.24744483159117306,0.22447173359884942
48479,0.6175610620514487,0.489041263621893
48481,0.28243080625752104,0.23915835830937673
48483,0.07219596046411689,0.07471264367816093
48485,0.2909794384258236,0.27776642832822607
48487,0.21339285714285713,0.19430637144148216
48489,0.5601009190845198,0.4834508952794357
48491,0.5071704688139276,0.4875542768150563
48493,0.25591423850401,0.2301683799417855
48495,0.1695878730459498,0.14670813893208917
48497,0.15538197156694267,0.1475388260068439
48499,0.1555545704406419,0.14926358348116672
48501,0.16191210485736315,0.14363712725745484
48503,0.1269646365422397,0.11646489104116223
48505,0.4731795802021249,0.3872498452651124
48507,0.6577859439595773,0.5724177726485863
49001,0.11697247706422019,0.12409448818897638
49003,0.1718996195380654,0.1875066661926263
49005,0.3044877656267145,0.32175333046841426
49007,0.26329113924050634,0.27315015144958893
49009,0.1828665568369028,0.18566176470588236
49011,0.3553848439453778,0.3715847333548403
49013,0.10088559119195788,0.11434723481414324
49015,0.11969031178070726,0.12196601941747573
49017,0.19236526946107785,0.19658430232558138
49019,0.5552037989711119,0.5485935984481086
49021,0.20484904317239647,0.20851985029720407
49023,0.11252616887648291,0.11459797033567526
49025,0.2653761333006616,0.25758948799275033
49027,0.10351692103516921,0.11369797480465635
49029,0.1732886548587841,0.19158023184868822
49031,0.10011641443538999,0.09915611814345991
49033,0.13462976813762154,0.15017543859649124
49035,0.557425780649131,0.5526066561257479
49037,0.46826113116726836,0.4166935744268647
49039,0.14641312331673875,0.1517636754518672
49041,0.1069455406471981,0.11484854116335254
49043,0.5978977094446187,0.5753888560740303
49045,0.29852788997563173,0.28931122140176735
49047,0.11143125167515411,0.12552247443894282
49049,0.2828135170823337,0.2944978208333189
49051,0.3643269344011306,0.35975270134788906
49053,0.2337629805064675,0.23381016210782055
49055,0.22898368883312423,0.23533045089561458
49057,0.38159671430178915,0.3790710287074742
50001,0.7040312338303777,0.685036832412523
50003,0.6410515162218073,0.6155920691205115
50005,0.5790386839737823,0.5644491951710262
50007,0.781022734376628,0.7762973726667592
50009,0.4421019509125236,0.4155844155844156
50011,0.546955997588909,0.5153279006596818
50013,0.616118769883351,0.6083178150217257
50015,0.7109629938207318,0.6848107465192752
50017,0.6248256624825662,0.604626397680885
50019,0.523244747053225,0.49202893461619496
50021,0.5540696614187587,0.5271381329449956
50023,0.7383276180427328,0.7244934128906481
50025,0.7445154123854485,0.7210051546391752
50027,0.7009925930368549,0.6833499863747843
51001,0.4524179104477612,0.4329243233722773
51003,0.6711869764501344,0.673014956225681
51005,0.2768452234016292,0.25758498842451566
51007,0.30906294064863477,0.27709637046307883
51009,0.3393765332375995,0.3161726166210471
51011,0.26513157894736844,0.24291836521375562
51013,0.8251789882658896,0.7992901988557242
51015,0.26086537998748616,0.260152400073006
51017,0.26048387096774195,0.22932917316692666
51019,0.2548559946416611,0.24615811703119114
51021,0.15487627365356624,0.14877910278250994
51023,0.2740516370979374,0.272442540647598
51025,0.5755468453660387,0.5428830932918126
51027,0.16033542129723177,0.1457929847213256
51029,0.4330630068621335,0.3813656668793874
51031,0.27528568991983626,0.25515813983571567
51033,0.478771962733696,0.455518662697504
51035,0.1833430101283788,0.18193692853144244
51036,0.5984036488027366,0.5542897000697512
51037,0.3778538812785388,0.336292078378831
51041,0.5339781585031533,0.5455270445966389
51043,0.4302019315188762,0.41446958687980073
51045,0.18796029458853666,0.17461340206185566
51047,0.39870066468887305,0.3738049713193117
51049,0.42451391536408695,0.3882978723404255
51051,0.20728175424079437,0.18754453470143936
51053,0.41718613848113145,0.38357756116454716
51057,0.49697366268607884,0.46096345514950166
51059,0.7137711950831487,0.6799499589149319
51061,0.4116378805277589,0.39041018066128846
51063,0.3254957200130025,0.31179745771614664
51065,0.47620271051448393,0.46831839108311124
51067,0.28627544746550077,0.27157310704960835
51069,0.3602428556474406,0.3563015083190795
51071,0.23870682019486272,0.22560244248173592
51073,0.31887906955446677,0.3064656674799582
51075,0.4014773887454207,0.4060115487729429
51077,0.19035218253968253,0.1867776811234
51079,0.37745942515187236,0.37483176312247646
51081,0.5785069367980621,0.5466042154566745
51083,0.4239106392391064,0.3940197461212976
51085,0.36347576301615797,0.3697408093828663
51087,0.6475790502855365,0.6465754656534886
51089,0.35304812006807984,0.3348378667300154
51091,0.27634194831013914,0.2753143613500993
51093,0.40677746039989615,0.4001554955397332
51095,0.5246376216482569,0.5314704771747123
51097,0.3935643564356436,0.37065637065637064
51099,0.39018050541516247,0.3732268918651448
51101,0.30812854442344045,0.2954307638646669
51103,0.4767162066525124,0.46461708904583854
51105,0.15110614978688858,0.13820168902136115
51107,0.6276512746076386,0.5839547940936008
51109,0.3834809627602838,0.36789171520764363
51111,0.40604534005037785,0.3853258081067214
51113,0.3373343335833959,0.3225421096643173
51115,0.3187216206776109,0.30170068027210883
51117,0.42336175244259133,0.3954306884841
51119,0.3725138328099297,0.3620790629575403
51121,0.529523114466212,0.5177429876060013
51125,0.4734653682022103,0.4620511717910127
51127,0.32423519506034243,0.33951248871501655
51131,0.553760193295077,0.530946065428824
51133,0.42031795269484296,0.39336609336609335
51135,0.42454987139182626,0.38741916519694297
51137,0.3915087410019098,0.3754424176422543
51139,0.24344235751295337,0.22719291548973203
51141,0.20701345481512873,0.19580564784053156
51143,0.298677139313766,0.2830811878852222
51145,0.2745806451612903,0.2776486538834011
51147,0.528648878494738,0.48696491792726104
51149,0.4128211089154946,0.3924965580541533
51153,0.6375393265948189,0.5924520288617501
51155,0.28882242552193294,0.2750256235052955
51157,0.42705786471067647,0.4095104333868379
51159,0.37266009852216747,0.34792069632495165
51161,0.3888244841177834,0.38636768425177215
51163,0.33563331690487924,0.32942667089008554
51165,0.2940943874584235,0.3127860530914538
51167,0.17906731059462722,0.1611873840445269
51169,0.15732217573221757,0.14610419129011729
51171,0.2934031503498004,0.28654316382775913
51173,0.21530312790780903,0.19579785006282283
51175,0.40921744509743274,0.37155446254739216
51177,0.465381589299764,0.4566672628324689
51179,0.5167499133293101,0.5040443781921263
51181,0.5420624151967436,0.4966902533668112
51183,0.5602457391993658,0.5223205101830899
51185,0.16076444622792938,0.15348766526518415
51187,0.31941756965944273,0.3097265800089646
51191,0.23384930732258977,0.231703561775071
51193,0.45839698543639884,0.427958833619211
51195,0.18875940762320953,0.18189443412617579
51197,0.21127991395536436,0.20043019163081735
51199,0.4662746545723025,0.4689117843046799
51510,0.8199643493761141,0.7945893571993167
51520,0.30195822454308097,0.30035002692514806
51530,0.30691964285714285,0.2737330478229836
51540,0.8699453551912568,0.8500634212483051
51550,0.5329046139518453,0.5192498551000801
51570,0.3309945428221405,0.3363790186125212
51580,0.3789308176100629,0.33252032520325203
51590,0.6118716689309228,0.6062596379005083
51595,0.6813186813186813,0.6560332871012483
51600,0.6960018208026705,0.6715779830521413
51610,0.8274664196387216,0.8163265306122449
51620,0.6293619142572283,0.6151238591916558
51630,0.6784291859168392,0.6616314199395771
51640,0.297131931166348,0.2789922193404965
51650,0.7149265274555298,0.7022513767411727
51660,0.6634563293806055,0.6293842787011297
51670,0.5746031746031746,0.5695379093764019
51678,0.664071190211346,0.6353982300884956
51680,0.5135296628254374,0.45984877752635356
51683,0.6234047676378521,0.5756457564575646
51685,0.6685647295260425,0.6024054982817869
51690,0.6349688079581858,0.6144901610017889
51700,0.6681136443706276,0.6460954475950318
51710,0.733247613304052,0.710892098958704
51720,0.29497774952320405,0.2806372549019608
51730,0.8866385171401989,0.868276449191239
51735,0.26818122470296385,0.2675842909458265
51740,0.7081436057021258,0.6958894679909529
51750,0.5465494791666666,0.502644679527069
51760,0.8473680339774586,0.8388573157700636
51770,0.6317366682397357,0.6198102302283017
51775,0.4012158054711246,0.402660310625865
51790,0.5507257810034711,0.5678384442782348
51800,0.5881291275277903,0.5804891005331158
51810,0.5276564185544768,0.5134282676489299
51820,0.47392051967902177,0.4711382844812084
51830,0.7093143787946098,0.7259441282979824
51840,0.5587017158312907,0.5495325499614032
53001,0.31707743401503236,0.2786288778245883
53003,0.36736105108479555,0.36821215948042574
53005,0.39068950550615217,0.3874013804170053
53007,0.4596507898800333,0.4513493621197252
53009,0.5173597304480673,0.540448674371176
53011,0.5262932861263113,0.5359425757099444
53013,0.27580511973575556,0.2756463719766472
53015,0.4101641479044584,0.3976134483058967
53017,0.3761436964268516,0.36137527432333577
53019,0.34907211651397696,0.3302360622802612
53021,0.4251250836546735,0.38372618663222474
53023,0.25505226480836235,0.25326170376055257
53025,0.3230735587567996,0.30758283046794943
53027,0.4661169455561226,0.4689694750362091
53029,0.5622317596566524,0.5853209920493652
53031,0.7128237000207168,0.73409578270193
53033,0.7712092969093318,0.7675209877590227
53035,0.5945534773445732,0.6082513874982595
53037,0.4474261537256131,0.4246709880180711
53039,0.4515762352227948,0.45185185185185184
53041,0.3306688529070165,0.32985944463489886
53043,0.24959930059740637,0.2414388489208633
53045,0.47997442952833597,0.4870975043857167
53047,0.42912246865959497,0.42285600119874134
53049,0.4942169200552848,0.493314058547163
53051,0.3116211993750751,0.29697115964764087
53053,0.557884427908308,0.5554783956084968
53055,0.7608355499921765,0.7674792823235981
53057,0.5386543498465092,0.545709602634338
53059,0.45103857566765576,0.4427405740011255
53061,0.6066982389473385,0.5980496674720402
53063,0.4774724714339473,0.4743671813121833
53065,0.2835389011465982,0.27356044838792126
53067,0.5967693115483214,0.6056728608059767
53069,0.40089470061940813,0.4066193853427896
53071,0.4549684280491858,0.45854034007417255
53073,0.6236349134171705,0.6286035560117125
53075,0.5522690237519134,0.546430992231086
53077,0.46065461838820493,0.4264470107117132
54001,0.22166438460368174,0.1912280701754386
54003,0.34055285841672445,0.3177196804647785
54005,0.23043920063226828,0.20628535512256443
54007,0.26125156894387663,0.2360260336906585
54009,0.280880670987419,0.27282190069740814
54011,0.40838894184938035,0.38826614413739446
54013,0.1937244201909959,0.16950329975686002
54015,0.1930722891566265,0.18256216556499844
54017,0.14243614931237722,0.12830188679245283
54019,0.30421198101303853,0.28678825913577827
54021,0.22941401761777097,0.21057192374350087
54023,0.11080686381891201,0.1003453917469551
54025,0.29878048780487804,0.28518996805546115
54027,0.19444444444444445,0.18253814950743674
54029,0.2787584583701089,0.26204960224613943
54031,0.22131410256410255,0.20606927232284716
54033,0.3082145962940665,0.2909078318675992
54035,0.2411278195488722,0.21410439473266699
54037,0.44650220913107513,0.4193062368605466
54039,0.4253548339154343,0.4108421782205129
54041,0.21010928961748634,0.19820861022825773
54043,0.22154603133497344,0.18144417647893318
54045,0.18131654620346624,0.16284807895664435
54047,0.20567813609010954,0.1937897493453049
54049,0.3532002698305623,0.34010637413778777
54051,0.24874010079193665,0.24519008773279977
54053,0.22928201869837525,0.20409939089239099
54055,0.22409551082966966,0.20888774060198942
54057,0.2094488188976378,0.1950510604870385
54059,0.1405291218187305,0.1265203911280706
54061,0.4936594864305708,0.4774591687526333
54063,0.20973023545922345,0.18497757847533633
54065,0.23409490333919156,0.21739615899955336
54067,0.21189909566872916,0.19425043020548638
54069,0.3689533636410073,0.36719432314410483
54071,0.22765130483064963,0.20196020196020195
54073,0.2031386224934612,0.19951338199513383
54075,0.2656012176560122,0.2429245283018868
54077,0.22037204765554239,0.20900276028027462
54079,0.28224419604471196,0.2639300533491405
54081,0.2444342367171949,0.223768877216021
54083,0.27935189031990026,0.2646955297430482
54085,0.138370720188902,0.12957393483709273
54087,0.25670430486944246,0.2252635472535602
54089,0.26222383194494747,0.23773511731626915
54091,0.2469407397222604,0.23805508712759976
54093,0.24821381317808944,0.2500702444506884
54095,0.1635986518019186,0.15627644569816643
54097,0.22499252019547222,0.21032484998965445
54099,0.2451868290049781,0.22837191258243889
54101,0.18106262986049274,0.16198850185999325
54103,0.23560930802204533,0.21523619427811044
54105,0.17923076923076922,0.16172400158165282
54107,0.2865610574905581,0.28114014769599693
54109,0.13595769682726205,0.13096351730589337
55001,0.37028483448806776,0.364001310830739
55003,0.555542698449433,0.5239123026241054
55005,0.36780413649637955,0.34834612537499515
55007,0.5710702341137124,0.5568523753077415
55009,0.46336167263159384,0.4619396337773426
55011,0.37171822199116195,0.3465780897468037
55013,0.3557970292094507,0.3433898622692776
55015,0.40023784355179703,0.3987968533086534
55017,0.39611898016997166,0.3837827873169704
55019,0.3114415530772408,0.30080053368912607
55021,0.49224585295617485,0.4767279497323714
55023,0.46109879855359853,0.4301794271704001
55025,0.7675413366373144,0.762263909483682
55027,0.3428140261155708,0.3331249369769083
55029,0.5073752273186503,0.5112756484707704
55031,0.5475332422020629,0.5270308405563394
55033,0.42899869960988296,0.4195277701131302
55035,0.5551166587665245,0.553695596188514
55037,0.26801647220315716,0.24944249761070406
55039,0.3654112385076852,0.3547873353298596
55041,0.34378745505393526,0.33201659095397984
55043,0.43747016706443914,0.40783992859268076
55045,0.5162226450999049,0.5013795640577577
55047,0.3181126331811263,0.3162189419638764
55049,0.5698478561549101,0.5389055003129128
55051,0.3860488541928985,0.36770524233432245
55053,0.4236090375236389,0.4012160988321591
55055,0.4224825946680251,0.4169419394062215
55057,0.35168580955909595,0.3375756311287294
55059,0.484058968622727,0.46835528083848427
55061,0.3340334369486684,0.3293039104332306
55063,0.5688561551179919,0.5474422847519472
55065,0.43068020784128486,0.39759312320916906
55067,0.33568968642378105,0.3249479528105482
55069,0.3846295613711758,0.3722769939193577
55071,0.3819147969842856,0.3815653852058159
55073,0.4084208293562414,0.40555941447351496
55075,0.32492280546978386,0.3078679676146979
55077,0.3615762446974771,0.34994081566770685
55078,0.8241619228336496,0.8104993597951344
55079,0.7025045003952377,0.6961969034632435
55081,0.37972802593659943,0.3678979122357741
55083,0.29270737980035744,0.2827286746205665
55085,0.42500841184387617,0.4108416547788873
55087,0.44946818541847394,0.4483562327121027
55089,0.43881249069155537,0.44685626342620793
55091,0.36557819788853424,0.3524647072436936
55093,0.4332404581840697,0.41365706848869366
55095,0.36064816596743776,0.343358575889172
55097,0.5142094796989453,0.5060720169451636
55099,0.35983859482554,0.3427235401459854
55101,0.47935740362009976,0.46876532036052343
55103,0.45059778930746675,0.43352915578764145
55105,0.5568046207456203,0.5369790467418835
55107,0.32377154617957293,0.30772994129158515
55109,0.41867518821426636,0.40180450115306277
55111,0.5086373978259038,0.4915336759534758
55113,0.43220909003555297,0.41729425641956264
55115,0.31971843615494977,0.316397826274476
55117,0.4188069850100448,0.417080212938735
55119,0.26019323671497585,0.255891950688905
55121,0.4157295938616219,0.39162468513853904
55123,0.475725677830941,0.46038845658966976
55125,0.3892772355579003,0.3834921032840311
55127,0.4023481638418079,0.38754099457867613
55129,0.37908048230565633,0.3570966848277773
55131,0.3067202228181431,0.3163315132951569
55133,0.3942478799491567,0.3999247915176629
55135,0.3386145524341302,0.3311251664447403
55137,0.327364965681886,0.3219921104536489
55139,0.4796638216338617,0.47592152516544295
55141,0.4023553708848622,0.3990527935378402
56001,0.5145153075660687,0.4838448644587018
56003,0.14086521272792277,0.13228739525762168
56005,0.10232681121099947,0.11127151582454192
56007,0.22154944884334732,0.20462576292964985
56009,0.12702862201239304,0.12801090743826693
56011,0.09381980640357408,0.1042843691148776
56013,0.31490357183612916,0.3095451556990019
56015,0.1978293043907252,0.19110596792858323
56017,0.19427650141072147,0.18988326848249026
56019,0.18773545416492257,0.17708551118544846
56021,0.352997123503758,0.3352520371423157
56023,0.14864066193853429,0.15340264650283553
56025,0.25235939765095705,0.25257513330101794
56027,0.12175962293794187,0.09180327868852459
56029,0.2101954015903347,0.19941259254726795
56031,0.1858813700918964,0.16759776536312848
56033,0.25450081833060556,0.2455986467013345
56035,0.18226906385616862,0.19067357512953367
56037,0.23816346872663843,0.22928957718780726
56039,0.6940587779265628,0.6790870982766651
56041,0.1750852866732695,0.1765238041388669
56043,0.16709445585215607,0.17349907431896325
56045,0.10383616959907702,0.10966057441253264
