{"n_experiments": 1000, "bias": [[-0.02665912252139542, -0.021582315160455685, -0.07234278764424874, -0.05161701735910311], [-0.015870077706515492, -0.004420642849129496, -0.031160046366568963, -0.0234254325543774], [-0.01583299466148389, -0.0046190615970274915, -0.03157547091747991, -0.02339869232008884], [-0.014810310428682909, -0.0030388735244645283, -0.028156176080177113, -0.02116059246549267], [-0.0412812181964528, -0.044758234405607625, -0.11755473458127794, -0.09510957202027683]], "mse": [[0.06512191998535839, 0.07616987777465714, 0.264088452941643, 0.16816013551557688], [0.054518439885734904, 0.056107380832348626, 0.1471282568086032, 0.11252165201600707], [0.05434375167507128, 0.05628096102861607, 0.14779905329132217, 0.11185694594060545], [0.055457879716461114, 0.057554802750635174, 0.15474784305383965, 0.11683672299652359], [0.0613709047072384, 0.07916612118345902, 0.23049167928267397, 0.1873837907196433]], "mae": [[0.19543491852344125, 0.21485755850369453, 0.3919455956969503, 0.31343338714794466], [0.18433329696518855, 0.1875855688287074, 0.3065277744563284, 0.2587255811060309], [0.1839897706485938, 0.18785553502775346, 0.30741762417324675, 0.25767372382413195], [0.18564530241124128, 0.19025998239428918, 0.31585036257212823, 0.2655390836341966], [0.19080621692170396, 0.21479679940322752, 0.3657650915050525, 0.3237835105683302]], "comp": [0.0006253995895385744, 0.0008122096061706543, 0.009687808990478518, 0.016905886650085477, 0.0015674242973327634], "coverage": [[0.933, 0.919, 0.9149999999999999, 0.932], [0.92, 0.932, 0.937, 0.927], [0.923, 0.931, 0.938, 0.932], [0.923, 0.934, 0.945, 0.93], [0.7299999999999998, 0.707, 0.717, 0.7250000000000002]]}