{"n_experiments": 1000, "bias": [[-0.04122552456461112, -0.04179257870532815, -0.0004066525582560181, -0.000399818027574545, -0.20953358820077295], [-0.041225524564611114, -0.04179257870532813, -0.0003349071338103669, -0.0003773356837190962, -0.20953358820077295], [7.512324024915573e-05, -0.0005038831349725072, 9.952469533667743e-05, 5.4420963959343544e-05, -0.3004674787755961], [-0.09598802763127588, -0.0965309630560385, -0.0018397468504871863, -0.0018806774480563582, -0.06937511272273368], [NaN, NaN, NaN, NaN, NaN]], "mse": [[0.0023238231700600555, 0.002349917409528557, 4.025633637552765e-05, 3.6985036657225635e-05, 0.0445507611548612], [0.0023238231700600555, 0.0023499174095285573, 2.8919202115670255e-05, 2.865562824905949e-05, 0.044550761154861195], [0.0006334315207650858, 0.0006462365919897417, 2.9664673332065965e-05, 2.926478851766662e-05, 0.0906290767638264], [0.009991853447187128, 0.010029751037444365, 3.7802200103628025e-05, 3.7925705427587506e-05, 0.006805823311837626], [NaN, NaN, NaN, NaN, NaN]], "mape": [[0.1393113669626972, 0.14098729102465524, 0.1513096053172886, 0.14480500700703078, -0.2849772713006574], [0.1393113669626972, 0.1409872910246552, 0.1264397828816448, 0.12603348343726767, -0.2849772713006574], [0.06596833719557103, 0.06586054268622618, 0.12847697952618675, 0.1277159264098701, -0.40865239292332994], [0.31682820767011105, 0.3183267563733376, 0.1434784560451499, 0.14374643861603897, -0.09627279713211238], [NaN, NaN, NaN, NaN, NaN]], "comp": 0, "coverage": 0}