{"n_experiments": 1000, "bias": [[0.014748941744910137, 0.003730052036138153, 0.023639260154805088, 0.025831795311483958], [0.013779912210857923, 0.0030247193026153784, 0.02109393382772286, 0.023270379868653827], [0.013780409549585568, 0.003024201730418019, 0.021093401137479532, 0.023270867398695386], [0.011088605506115614, -0.00027451540003439035, 0.013571049542736776, 0.01746007296544274]], "mse": [[0.014955361452674034, 0.01650620036288121, 0.053029030374993756, 0.04029519145031444], [0.012391274853560097, 0.013632851326051014, 0.03500385948411969, 0.02759166692369486], [0.012391255270718148, 0.013632794520792713, 0.035003713503249254, 0.02759164556834646], [0.01222585943703983, 0.013697621404356458, 0.03476653506566635, 0.026825801686628847]], "mape": [[0.13539715182159398, 0.11390794052831156, 0.09213506989656481, 0.10624320403835358], [0.12525712298468544, 0.10331116901572923, 0.07521298049631962, 0.08771906297507025], [0.12525695957389296, 0.103310947938143, 0.07521284204646043, 0.08771900229595885], [0.1248354104235063, 0.10379247404002562, 0.07502166302265868, 0.08651831889642536]], "comp": [0.0003502588272094728, 0.00020704698562622076, 0.002350839614868165, 0.01154242324829102], "coverage": [[0.9329999999999999, 0.94, 0.954, 0.934], [0.937, 0.943, 0.937, 0.934], [0.936, 0.939, 0.939, 0.932], [0.941, 0.937, 0.942, 0.935], [0.0, 0.0, 0.0, 0.0]]}