{"n_experiments": 1000, "bias": [[0.12556943754330133, 0.2971568632876429, 0.11592927676134832, 0.045093300646198], [0.12212042130482097, 0.29455405577139404, 0.11532395736545563, 0.04580716392378715], [0.1222269169267484, 0.2944472583159993, 0.11521729858647986, 0.045807196444125835], [0.09310533233986314, 0.1982349596043964, 0.0742084127102943, 0.03184311064197602]], "mse": [[0.4455739458450487, 2.082219660267578, 0.43186366722285235, 0.21679262942142544], [0.36957715433632377, 1.4682309951034769, 0.3177039659010906, 0.20168187342796606], [0.36940610389516254, 1.4678567374145672, 0.31744694609945934, 0.20168189492693628], [0.3480574827945546, 1.3911689226010124, 0.3021345757861634, 0.19440022931651021]], "mape": [[0.25143627226866394, 0.16073230111925577, 0.16666833151840793, 0.3632986668154964], [0.2335897861365365, 0.13448535668435843, 0.14718384604351334, 0.3516024425555085], [0.23353656199735323, 0.13447010274249024, 0.14714831028115924, 0.3516024521331459], [0.22899000890354052, 0.13130563745824028, 0.14458272064446492, 0.34615961575946286]], "comp": [0.0004706883430480957, 0.00027366280555725093, 0.0027652790546417237, 0.02695711064338684], "coverage": [[0.933, 0.934, 0.931, 0.942], [0.9149999999999999, 0.894, 0.91, 0.941], [0.92, 0.8929999999999998, 0.912, 0.935], [0.9239999999999999, 0.909, 0.929, 0.94], [0.0, 0.0, 0.0, 0.0]]}