{"n_experiments": 1000, "bias": [[0.004154591578931113, 0.0053684214322232285, 0.014961153471362731, 0.013841692295990688], [0.004325021810000016, 0.005464113062131764, 0.013868935117298031, 0.013264261107975845], [0.004325590106873099, 0.005463522868617055, 0.0138683289293841, 0.013264818820111513], [0.0016171991480262219, 0.001962934322904897, 0.005851707990829184, 0.0072829180169501845], [0.0064697190000000395, -0.006596332000000007, -0.012953430000000023, 0.006308200000000009], [0.0030700780000000364, -0.008336166000000046, -0.017094209999999947, 0.0018991700000000043]], "mse": [[0.01577874383119941, 0.017291033032008574, 0.05178264762239718, 0.03952540287547325], [0.014113925013063387, 0.014337758066252164, 0.031647372411489905, 0.029042624617515243], [0.014113891360945834, 0.014337696864759122, 0.0316472488604202, 0.02904260189965422], [0.014115161209895564, 0.014362265320857872, 0.031074468600719357, 0.0287211231965596], [0.010889376032639002, 0.011845767757969989, 0.027724504826300032, 0.022748547836799967], [0.01095826190828001, 0.011896784599524, 0.027787733353299968, 0.022757395380499985]], "mape": [[0.1418519577903912, 0.11514345277279409, 0.08995394194074009, 0.1040796595841999], [0.13353480367745935, 0.10548163680449033, 0.0702313310273546, 0.08976262464565465], [0.13353461684374077, 0.10548140390455316, 0.07023120270480582, 0.08976255475631763], [0.13347975452261762, 0.10603785795644308, 0.0700107971810427, 0.08942541115539289], [0.11857039857142863, 0.0971742555555556, 0.06640738499999986, 0.07920954666666664], [0.1190430085714287, 0.09747227555555554, 0.06657660500000002, 0.07940748666666676]], "comp": [0.0002487244606018068, 0.00012136602401733396, 0.0013866963386535644, 0.005940929651260374, 9.19140239453314], "coverage": [[0.946, 0.945, 0.964, 0.944], [0.927, 0.931, 0.958, 0.948], [0.9299999999999999, 0.9389999999999998, 0.949, 0.95], [0.933, 0.94, 0.958, 0.944], [0.947, 0.941, 0.948, 0.952]]}