{"n_experiments": 1000, "bias": [[0.046649355277099486, 0.04806284584743628, 0.034490528448516744, 0.04269663012788636], [0.027490464866941056, 0.030858974710399917, 0.01785293954342797, 0.02509876359015452], [0.026706335577294692, 0.029832332615958284, 0.01681269357310743, 0.024270229708063137], [0.022323173084294583, 0.025289243109313728, 0.012586184545813223, 0.020025576420884116], [0.07459935922264536, 0.08570870522591677, 0.061269256990418304, 0.08007041212916476]], "mse": [[0.08595395372172268, 0.07890969237400869, 0.07187272744709404, 0.07635042066947498], [0.05963985445149989, 0.05743867341140363, 0.0531432946602148, 0.055067081822837115], [0.05938836242009936, 0.05667384006741248, 0.052446324858961446, 0.05479422564271477], [0.05892482085890732, 0.05576449182964958, 0.05233107043586475, 0.05448309068005717], [0.08329470490223835, 0.0935121684052859, 0.06801461431742893, 0.09224679094099571]], "mape": [[0.22109180482927873, 0.21848008094108845, 0.2084201632544382, 0.21261576408665295], [0.18880051158464478, 0.1887588967946017, 0.18134669992211755, 0.18393759665567402], [0.189259362287724, 0.18711521251277236, 0.17920112922432568, 0.1830653477327944], [0.18725509653537883, 0.18545202005907888, 0.17882019802313495, 0.1821574820258014], [0.21553143005705397, 0.23523751375729535, 0.19936555591580873, 0.23077495392585473]], "comp": [0.0006840300559997549, 0.0007758805751800533, 0.0065226840972900406, 0.0097800989151001, 0.001147909641265869], "coverage": [[0.914, 0.937, 0.948, 0.935], [0.919, 0.932, 0.94, 0.935], [0.924, 0.93, 0.946, 0.936], [0.922, 0.937, 0.948, 0.938], [0.8739999999999998, 0.893, 0.908, 0.887]]}