{"n_experiments": 1000, "bias": [[0.06444592146750294, 0.1755862375532301, 0.06582550851170416, 0.042590847325535294], [0.06624564921470194, 0.19421679227640626, 0.07383674888974631, 0.04604279030693457], [0.06624568875019145, 0.1942167333446356, 0.07383669971013256, 0.04604283225709596], [0.03564069032900546, 0.0922981438702184, 0.031071699466811674, 0.030293402993868172], [-0.26350406900000006, -1.1124719699999994, -0.4404315300000003, -0.10551352100000003], [-0.3065941129999996, -1.1557794900000018, -0.45600851000000014, -0.14830475499999968]], "mse": [[0.46255710733697614, 2.1889169191551234, 0.41522767749954553, 0.24493555779182405], [0.35284216122481527, 1.3713783260322103, 0.2716601329210736, 0.21702136910495345], [0.35284223253295616, 1.3713781611418596, 0.27166013326989824, 0.21702141529880767], [0.3265738774861801, 1.2522093085291879, 0.25549124169315324, 0.2046031935116843], [0.20156820006313902, 1.7484286025203006, 0.32106053586830063, 0.10275185801224108], [0.2237112964209292, 1.8395637993104996, 0.3324333409116994, 0.11204997859940095]], "mape": [[0.2507797542602982, 0.1609572805196236, 0.16870606069101585, 0.3703533805451918], [0.2262987684067798, 0.1300272625570371, 0.13607522345919185, 0.3600547656538598], [0.22629878279054458, 0.1300272559894939, 0.13607522470142705, 0.3600547780062639], [0.22029551752162221, 0.12544082725264888, 0.13280793538335164, 0.3526987888030346], [0.18741133450000005, 0.16580659571428596, 0.16124384333333336, 0.2575320009999996], [0.2001467265000002, 0.1711651985714289, 0.16497989666666685, 0.27323259500000036]], "comp": [0.0002362618446350099, 0.00011561751365661617, 0.001485652208328247, 0.00876929378509522, 2.40347628331184], "coverage": [[0.955, 0.946, 0.95, 0.944], [0.941, 0.9359999999999998, 0.939, 0.942], [0.952, 0.9429999999999998, 0.953, 0.947], [0.956, 0.954, 0.949, 0.94], [0.8919999999999999, 0.7460000000000007, 0.813, 0.911]]}