{"n_experiments": 1000, "bias": [[0.03450939952717165, 0.03732635148922764, 0.00013582487461700698, 0.026702520293837392, 0.18095896262948444], [0.03450939952717166, 0.03732635148922764, -0.0176442276287682, 0.009557047048657319, 0.18095896262948444], [-0.001458723155413808, 5.653001810456522e-05, -0.017827627406639113, 0.008903251487028658, 0.26415825160362916], [0.08168468911727172, 0.0835941247674339, -0.013729001813892704, 0.013706758881309395, 0.05990995315235355], [NaN, NaN, NaN, NaN, NaN]], "mse": [[0.002316257548118304, 0.0020362521123393454, 0.00010450658860276918, 0.0007994928097969889, 0.03368233098926871], [0.002316257548118301, 0.0020362521123393454, 0.00036089594059390205, 0.00013986719381304966, 0.033682330989268705], [0.0012311447461474216, 0.0006539741039801797, 0.0003701188708051828, 0.00012895687669316536, 0.07040685900078833], [0.007843135145106227, 0.007813415203887232, 0.00024187108460312437, 0.0002342468589145888, 0.0057797673940264485], [NaN, NaN, NaN, NaN, NaN]], "mape": [[0.12096627157337983, 0.12796008876269543, 0.13250338818315524, 0.8018577038826752, 0.2499239554296406], [0.12096627157337977, 0.1279600887626958, 0.28669708659349247, 0.3002062976414775, 0.2499239554296406], [0.08569366300240543, 0.06741435099258558, 0.28982744998681453, 0.2846584605062295, 0.36483119786298046], [0.24845149995458024, 0.2757171997114243, 0.22573577149147397, 0.4132092539771532, 0.08745386470407196], [NaN, NaN, NaN, NaN, NaN]], "comp": 0, "coverage": 0}