{"n_experiments": 1000, "bias": [[0.0022747913864932102, 0.0033292563869442553, -0.00287721079775569, 0.0030594905203102695], [0.0041044014286354185, 0.0052073796550493505, -0.0009442708009815818, 0.004606231861426937], [0.004104428099417059, 0.0052073541446149155, -0.0009442962628648687, 0.004606258517584783], [0.0010750658805654316, 0.0022001404471343653, -0.0039402272466209694, 0.0015809943049881437], [0.0052905509999999975, 0.004360653000000001, -0.0013517549999999944, 0.005911666000000003], [0.0023788889999999995, 0.0014390280000000021, -0.004283710000000003, 0.002976308999999995]], "mse": [[0.017082139941849848, 0.01738542086873691, 0.016733032339836244, 0.01774435900825426], [0.012898980830325755, 0.013288376687921617, 0.012809706515543615, 0.013069633232152527], [0.012898966737944781, 0.013288347258732163, 0.012809687140598063, 0.013069627597767098], [0.012748751628009244, 0.013186258531884324, 0.012722937713448748, 0.012928238372336538], [0.010640867476518984, 0.011351066064158989, 0.010910264130657002, 0.010936170094714], [0.010631669461093009, 0.011354960455551998, 0.010948174717600023, 0.010925843006944996]], "mape": [[0.10363434280924962, 0.104918615546929, 0.10125880106486343, 0.10430189875089933], [0.0895545286128208, 0.09128332701809491, 0.08997534342335244, 0.09024513664966412], [0.08955439646305978, 0.09128321961830992, 0.08997523119385935, 0.0902451214923127], [0.08910962879153458, 0.09094998327445036, 0.08979094395762907, 0.08960873046511611], [0.081462949, 0.08406014700000006, 0.0829048549999999, 0.08262655400000012], [0.08155851100000008, 0.08406545199999997, 0.08317137000000005, 0.08269649099999996]], "comp": [0.00024866104125976536, 0.00011971426010131836, 0.001262188196182251, 0.004831075429916385, 11.08179499840736], "coverage": [[0.944, 0.935, 0.941, 0.932], [0.944, 0.943, 0.953, 0.955], [0.952, 0.944, 0.947, 0.955], [0.951, 0.951, 0.951, 0.952], [0.953, 0.944, 0.948, 0.955]]}