{"n_experiments": 2000, "bias": [[-0.0014033931064816629, 0.0006442512208708559, -0.0003233031238172522, -0.00037622576330104254, -0.006006669964944123], [-0.0014033931064816622, 0.0006442512208708547, -0.0001328013515758596, -0.00018460465163460478, -0.0060066699649441255], [-0.0014033931064816637, 0.0006442512208708545, -0.00013256896155459184, -0.000184371522482539, -0.006006806509667679], [-0.0014039554425332632, 0.000646074685353101, -0.0001327353763683165, -0.0001845169261352821, -0.006006670153829021], [-0.0013870232150817808, 0.0002012448688695744, -0.00220105233190537, -0.002280279576742176, -0.006006669964944118]], "mse": [[0.0008583543421216673, 0.0008242203034045638, 4.263571302844868e-05, 4.2518404027126976e-05, 0.01989903836422323], [0.0008583543421216671, 0.000824220303404564, 2.2501637517886223e-05, 2.243842142899791e-05, 0.019899038364223277], [0.0008583543421216671, 0.0008242203034045644, 2.2500655294975232e-05, 2.2437474355797577e-05, 0.01989900113489787], [0.0008585138579816923, 0.0008242515966076312, 2.250176388510211e-05, 2.2438464614112616e-05, 0.019899038506972822], [0.0008178616921699237, 0.0009353265944844733, 3.9187082121648006e-05, 3.923944069467058e-05, 0.019899038364223274]], "mape": [[0.046343482220657636, 0.04606944579512683, 0.11936107244168888, 0.11892492702528616, 1.1212368283465262], [0.04634348222065764, 0.04606944579512689, 0.08691141565307607, 0.08663010758282737, 1.1212368283465262], [0.04634348222065766, 0.0460694457951269, 0.08690865691692445, 0.08662753953959353, 1.1212358794485684], [0.046347121335876706, 0.046067928819714984, 0.08691126033237818, 0.08663085938809394, 1.121236832585463], [0.04512768296802953, 0.049341682090302916, 0.1170110236901899, 0.117137929125305, 1.1212368283465262]], "comp": 0, "coverage": 0}