{"n_experiments": 10000, "bias": [[-0.024161666781222443, -0.02646773361798243, -0.029991058161273395, -0.024975246017181884], [-0.009514468767535785, -0.011675097892897236, -0.01538637188457617, -0.010746605719868813], [-0.00951473904895604, -0.011674774960956015, -0.015385588580774125, -0.010746570263129342], [-0.009501989183968084, -0.011663849720240852, -0.015369093711813747, -0.010731735120583653], [-0.0391324391213974, -0.04116965629890308, -0.045195756777132265, -0.04022445952797143]], "mse": [[0.07755796763916303, 0.08035775504851761, 0.07902682882455932, 0.07711515346134509], [0.05556340820741285, 0.05762405124625906, 0.056929914284089056, 0.05572328435060065], [0.055563763485517094, 0.05762305036031211, 0.056927820038603374, 0.055722740944988115], [0.055561107226941735, 0.0576206010885928, 0.056925998678731035, 0.05572094687003979], [0.057476701032166844, 0.0598738285800058, 0.05940768900116069, 0.057757139732796725]], "comp": [0.00034304134845733827, 0.0006997627019882195, 0.003351382827758789, 0.007398846983909607, 0.001765997719764709], "coverage": [[0.0, 0.0, 0.0, 0.0], [0.0, 0.0, 0.0, 0.0], [0.0, 0.0, 0.0, 0.0], [0.0, 0.0, 0.0, 0.0], [0.0, 0.0, 0.0, 0.0]]}