{"n_experiments": 914, "bias": [[-0.016306396697091843, -0.007673568559183466, -0.023037160768934802, -0.035221999744146255], [-0.010427638463125367, -0.003227770501277257, -0.0038959598561395703, -0.018825261918352484], [-0.010417948187648709, -0.003218715079063186, -0.003875668677291366, -0.018807027838944963], [-0.010433231563716299, -0.003231297226383498, -0.003821516698765039, -0.018755252566096548], [-0.029142622221616427, -0.027161713513819515, -0.06001389471172601, -0.06302771179243616]], "mse": [[0.06142556017511279, 0.06941604434953268, 0.24203516029114283, 0.16355140181096298], [0.05001533746195224, 0.05753774991504579, 0.14203893773911516, 0.09915781659472059], [0.050013610924853916, 0.05753534886955742, 0.1420338144922779, 0.09915332217246688], [0.05003811939665023, 0.05759395737309363, 0.14201644710349168, 0.09915348153181144], [0.05101659766035739, 0.05712631403110382, 0.14328727630569174, 0.10420053472005142]], "mae": [[0.19084983491614588, 0.20645968641572637, 0.37622452483382457, 0.310815216280992], [0.17615266274086994, 0.18885331399759533, 0.29599651379792424, 0.24766311140382158], [0.17614837734900154, 0.18884973345580303, 0.2959918871809628, 0.247654946190912], [0.1762277910626494, 0.18895657439010394, 0.2959737245960584, 0.24765090196307254], [0.17730177596465588, 0.18693078318890782, 0.2910641700650466, 0.25196983215980756]], "comp": [0.0003097289500664312, 0.000541447288880464, 0.00819833429950071, 0.017035739166209676, 0.0015950153380045495], "coverage": [[0.9398249452954048, 0.936542669584245, 0.9288840262582054, 0.9343544857768052], [0.9365426695842448, 0.9212253829321662, 0.925601750547046, 0.9387308533916849], [0.9387308533916849, 0.9168490153172867, 0.9310722100656456, 0.9332603938730853], [0.9409190371991247, 0.9201312910284464, 0.9277899343544858, 0.937636761487965], [0.9299781181619254, 0.9212253829321662, 0.9135667396061269, 0.9212253829321662]]}