{"n_experiments": 1000, "bias": [[-0.08706211653851943, -0.1273843794290541, -0.09875040394792246, -0.06082110964393135], [-0.06685986504552122, -0.08506022998316469, -0.06580003141623866, -0.05232147511398095], [-0.07183275205738025, -0.09490543436230806, -0.07309278842032706, -0.054813727697119646], [-0.06196042879847904, -0.07499104756414078, -0.05872179040293457, -0.05019560627514754], [-0.13447987218168458, -0.23312715724940045, -0.17297861487322475, -0.08830789788051686]], "mse": [[0.38212287249641397, 0.7478195096759139, 0.44651521776445063, 0.19860606711902312], [0.3096335261788067, 0.4481314348197835, 0.26986488989408464, 0.1798801781214636], [0.31049467014088733, 0.4537991638705906, 0.27243328753514806, 0.17981353974930317], [0.3077727588712744, 0.44292255021679716, 0.26720628348841075, 0.17933797843506263], [0.38411097157844737, 0.8381720513078825, 0.4541883044686876, 0.21499225893866347]], "mae": [[0.47502792927949117, 0.675178027911685, 0.5233322110006784, 0.3364959315100422], [0.4291124432956004, 0.5254859484284174, 0.40769533493323895, 0.32763804262342594], [0.4295676609484575, 0.5272718448497838, 0.4094881070176717, 0.3277586580428135], [0.4284738892344471, 0.5235486963447415, 0.40624441066313904, 0.3275216570639241], [0.47135085356186485, 0.7017879281607959, 0.5209365113393373, 0.34821044525503003]], "comp": [0.0005207602977752692, 0.0006008048057556142, 0.013118970870971683, 0.018406094789505036, 0.001193180084228517], "coverage": [[0.935, 0.925, 0.93, 0.936], [0.937, 0.92, 0.933, 0.954], [0.937, 0.921, 0.9319999999999999, 0.933], [0.939, 0.918, 0.9319999999999999, 0.939], [0.927, 0.9109999999999999, 0.9049999999999999, 0.9349999999999998]]}