{"n_experiments": 503, "bias": [[-0.024400782954325302, -0.05612177016718339, -0.0429275189428129, -0.01477103800765103], [-0.0024249298662747296, -0.03340258745671659, -0.022071251752383565, 0.008224359901733523], [-0.0024269575308218548, -0.03340383471665332, -0.022072803551031528, 0.008223895031529404], [-0.002415461675262172, -0.03337488789853157, -0.022055192076143797, 0.008258811809280418], [-0.030380271616375406, -0.06578445062197363, -0.0523556990694723, -0.023972752595336193]], "mse": [[0.07154584989243554, 0.08544624960244786, 0.08572678420329011, 0.0812975644927145], [0.050524962500451256, 0.06047167807490407, 0.06657176449947526, 0.056845436783273966], [0.0505272009313562, 0.06047342535919322, 0.06657135088384492, 0.05684333786305953], [0.05052102534017501, 0.060464565716876695, 0.06657096624029574, 0.056841759475674845], [0.05193656867170767, 0.06481019067015824, 0.06939615149511846, 0.057461035972775666]], "mae": [[0.20820735770824064, 0.21923997733854356, 0.21550390022461466, 0.21911288071379847], [0.17845633150665355, 0.18979503923809474, 0.1951972032289215, 0.1880257492958626], [0.17845739325915982, 0.18979981704270804, 0.1951947235971802, 0.1880207251509883], [0.1784487450726531, 0.18978368727991865, 0.1951967268622185, 0.18803082969125703], [0.1795847705264258, 0.19370649608935103, 0.19563637934494083, 0.18600905596771106]], "comp": [0.0005151045251319236, 0.0007585479061361808, 0.006928302184724903, 0.012328701038246837, 0.0012074957785028104], "coverage": [[0.9423459244532804, 0.9284294234592445, 0.9165009940357853, 0.9383697813121272], [0.9502982107355865, 0.9284294234592445, 0.9145129224652088, 0.9423459244532804], [0.9443339960238568, 0.9284294234592445, 0.9105367793240556, 0.9423459244532804], [0.9443339960238568, 0.9244532803180915, 0.9145129224652088, 0.9383697813121272], [0.9403578528827038, 0.904572564612326, 0.8946322067594433, 0.9383697813121272]]}