{"n_experiments": 1000, "bias": [[0.0002524283661216769, -0.0018379273365887836, -0.004193167790266939, -0.005089274469088594], [0.0016870699659754852, -0.00017392513897473394, -3.1954651111519186e-05, -0.0017894232572897735], [0.0006625149940489932, -0.001527508767437038, -0.0030644541990524107, -0.004000111553244424], [-0.00040470069552583693, -0.002868632201145933, -0.006010644583477466, -0.006284451379106428], [-0.0008240477980190219, -0.003966076236109393, -0.00712464724564043, -0.008680633790954373]], "mse": [[0.003062413033571153, 0.0030980568002786577, 0.01087350020855985, 0.00819865227784634], [0.0025484603234681253, 0.002602277221195141, 0.006520113926975313, 0.005148531108478446], [0.002511778975621692, 0.002673203431895675, 0.006847414444453833, 0.005055152305813107], [0.0025692378168073473, 0.002629935066970596, 0.006621996107211199, 0.005245795091734129], [0.0027342846721637635, 0.002946761560070198, 0.008639617850523923, 0.008456853467118983]], "mae": [[0.04392792140505116, 0.04460145362936743, 0.08377061993271787, 0.0717817810021087], [0.040325589736238274, 0.0409858334980449, 0.06399099626677666, 0.05708501595383503], [0.04004544847558254, 0.04147356328890118, 0.06558609003022396, 0.05642360566172435], [0.040509658186149426, 0.04112260377092459, 0.06420981773471218, 0.05758726406329503], [0.041411985511073175, 0.043275723130062435, 0.07510670161515164, 0.07317656433910606]], "comp": [0.0006605093479156492, 0.0008159337043762204, 0.010098495244979851, 0.019237560987472542, 0.002589489698410034], "coverage": [[0.939, 0.953, 0.948, 0.9309999999999999], [0.941, 0.953, 0.946, 0.9409999999999998], [0.948, 0.948, 0.949, 0.947], [0.9379999999999997, 0.95, 0.949, 0.941], [0.9309999999999999, 0.955, 0.961, 0.941]]}