{"n_experiments": 441, "bias": [[0.021795193282116442, 0.0073700626635854775, 0.0572261902254982, 0.04513490115822134], [0.028255660959208357, 0.01221343290550087, 0.0629379629497502, 0.053714213655685454], [0.02825636127429407, 0.012212694310442147, 0.06293719448264498, 0.05371489505956941], [0.01825308056191011, -0.00029597872485358744, 0.03352623290755623, 0.03167321114324481], [0.0280895238095239, -0.029207208616780073, -0.03612702947845802, 0.01619327891156465], [0.015483263038548778, -0.037757192743764184, -0.05342156462585033, -0.0007640748299319808]], "mse": [[0.06747519290076336, 0.07160826206687293, 0.24997037883237946, 0.17302172206979252], [0.059891003743624556, 0.05785146057275447, 0.1490161778273929, 0.12605185644290434], [0.059890874075356954, 0.05785123388984789, 0.14901571669357006, 0.12605174618158316], [0.05715178160238772, 0.05598411532269921, 0.13638722711904191, 0.11722012404522182], [0.03515017290799092, 0.041182008099721064, 0.10432389259274376, 0.0770671843584081], [0.03550969370828801, 0.04217185856980502, 0.10495398240294794, 0.07652865549178443]], "mape": [[0.2815549908697557, 0.23051461814326435, 0.18378208639103938, 0.20726364569408892], [0.2783421340407613, 0.21438561399202852, 0.14955241551990564, 0.1829732738805854], [0.27834177078817773, 0.21438511930304613, 0.14955214122964278, 0.18297320537540812], [0.2745912307824696, 0.21180540442387705, 0.14543185146497872, 0.17914877020635991], [0.2124954907677359, 0.18525468631897216, 0.13089496598639488, 0.14650878911564638], [0.21467359572400369, 0.1870836130007558, 0.1314399433106575, 0.14686463643235073]], "comp": [0.00022108592684306797, 0.00010750136948496849, 0.001461025268312484, 0.0067705307958347725, 2.3740351675859643], "coverage": [[0.9342403628117913, 0.9342403628117913, 0.9478458049886621, 0.9546485260770975], [0.9319727891156463, 0.9501133786848073, 0.9501133786848073, 0.9387755102040817], [0.927437641723356, 0.9387755102040817, 0.9546485260770975, 0.9229024943310657], [0.9387755102040817, 0.9365079365079365, 0.9591836734693877, 0.927437641723356], [0.9569160997732427, 0.9410430839002267, 0.9478458049886621, 0.9546485260770975]]}