{"n_experiments": 1000, "bias": [[0.0024541636541092213, -0.006932461715746023, -0.006391651618656204, 0.0035697449490894053], [0.0035803082443177816, -0.0042797328832896555, -0.004531518144338418, 0.004123577783644531], [-0.004669383098396395, -0.02014224710332017, -0.01637615921836756, -9.865199122554467e-05], [0.005983657785948061, 0.0007770291314570572, -0.0025853186558146258, 0.0048067206591202215], [0.0006025935147931775, -0.011157318165878642, -0.00919422411599804, 0.0024808736027398357]], "mse": [[0.015621891512575533, 0.03390032044668292, 0.01946017186974948, 0.008043626974578763], [0.012949781128720915, 0.01987599908306624, 0.012366040459596939, 0.0073821309088275035], [0.013162139471854883, 0.020645669587819916, 0.012825048872553311, 0.007444709359620119], [0.012900205436008234, 0.019724801523217, 0.012292788118993273, 0.0073933432990349116], [0.014701541437807397, 0.03541401968584312, 0.01807497593402184, 0.008296158403690468]], "mae": [[0.09993262652732966, 0.14869684513940049, 0.11294629274738206, 0.07257206554987129], [0.09074902200416263, 0.11218318473458769, 0.08858315057510455, 0.06961282476737275], [0.09131979669731, 0.11347005580028544, 0.0897849042379465, 0.06972406004594563], [0.09046648593853675, 0.11200933417797802, 0.0885617991573865, 0.06956144458374068], [0.09680494471089884, 0.1519488579811388, 0.10833030952778153, 0.07334917267842381]], "comp": [0.0005366156101226804, 0.0005806093215942382, 0.01375309920310974, 0.020175171375274643, 0.0019302053451538087], "coverage": [[0.948, 0.947, 0.943, 0.958], [0.949, 0.945, 0.942, 0.955], [0.942, 0.947, 0.942, 0.961], [0.947, 0.948, 0.954, 0.955], [0.946, 0.944, 0.948, 0.954]]}