{"n_experiments": 1000, "bias": [[0.017930088736354672, 0.040777015030158084, 0.040105062337673664, 0.024328241821061865], [0.021187807351822824, 0.043197046684771354, 0.0431025382240167, 0.026772025311540062], [0.021187827212379298, 0.043197024141126, 0.04310251583051394, 0.02677204522533719], [0.0087714083595461, 0.030593496514489938, 0.030434987761727112, 0.01438066533529069], [0.019147884000000014, 0.03708975099999997, 0.03646367100000004, 0.022745653000000008], [0.007030816000000001, 0.025116717000000035, 0.024531593999999997, 0.010713116000000009]], "mse": [[0.0777642660396503, 0.07791803896004815, 0.07601096706422696, 0.08366878948058089], [0.06345363112263704, 0.06038252611388558, 0.05884186203065771, 0.06586820957391676], [0.06345361123686691, 0.060382509907787166, 0.058841833059414234, 0.0658682057072075], [0.06087554793654662, 0.05746293150805267, 0.055732642152649406, 0.0633002834646639], [0.044687886518224, 0.044318959080761076, 0.04194480043817495, 0.04599833449459704], [0.04442321466035198, 0.04359532962679702, 0.04128546221104194, 0.045601486059102025]], "mape": [[0.22279581401840037, 0.2175931405177281, 0.21129908086168425, 0.22510385622148799], [0.20056738988626344, 0.1906038138161163, 0.1866027567133788, 0.20155639753231833], [0.20056732875979982, 0.19060375860628895, 0.18660273438469407, 0.20155638561877873], [0.19750958658399392, 0.18661158390327398, 0.18240163960502237, 0.19795708064224363], [0.16688331599999992, 0.16465154899999965, 0.15789786900000022, 0.16999808699999977], [0.16709398400000006, 0.16395986300000012, 0.1576498659999998, 0.1704529039999998]], "comp": [0.00023469257354736324, 0.0001130979061126709, 0.0013413093090057372, 0.005315388202667229, 2.339634834527969], "coverage": [[0.9469999999999998, 0.939, 0.951, 0.93], [0.93, 0.938, 0.943, 0.924], [0.938, 0.94, 0.944, 0.928], [0.933, 0.938, 0.948, 0.931], [0.946, 0.959, 0.961, 0.9519999999999998]]}