{"n_experiments": 1000, "bias": [[0.02665912252139542, 0.021582315160455685, 0.07234278764424874, 0.05161701735910311], [0.015870077706515492, 0.004420642849129496, 0.031160046366568963, 0.0234254325543774], [0.01583299466148389, 0.0046190615970274915, 0.03157547091747991, 0.02339869232008884], [0.014810310428682909, 0.0030388735244645283, 0.028156176080177113, 0.02116059246549267], [0.0412812181964528, 0.044758234405607625, 0.11755473458127794, 0.09510957202027683]], "mse": [[0.06512191998535839, 0.07616987777465714, 0.264088452941643, 0.16816013551557688], [0.054518439885734904, 0.056107380832348626, 0.1471282568086032, 0.11252165201600707], [0.05434375167507128, 0.05628096102861607, 0.14779905329132217, 0.11185694594060545], [0.055457879716461114, 0.057554802750635174, 0.15474784305383965, 0.11683672299652359], [0.0613709047072384, 0.07916612118345902, 0.23049167928267397, 0.1873837907196433]], "mape": [[0.2791927407477735, 0.238730620559661, 0.19597279784847516, 0.2089555914319629], [0.26333328137883993, 0.2084284098096752, 0.1532638872281642, 0.17248372073735369], [0.26284252949799075, 0.20872837225305893, 0.15370881208662338, 0.17178248254942116], [0.265207574873202, 0.21139998043809893, 0.15792518128606411, 0.17702605575613012], [0.2725803098881481, 0.2386631104480308, 0.18288254575252624, 0.21585567371221986]], "comp": [0.0005283689498901367, 0.0005953397750854492, 0.008625227928161608, 0.016550400495529197, 0.0019105842113494873], "coverage": [[0.933, 0.919, 0.9149999999999999, 0.932], [0.92, 0.932, 0.937, 0.927], [0.923, 0.931, 0.938, 0.932], [0.923, 0.934, 0.945, 0.93], [0.7299999999999998, 0.707, 0.717, 0.7250000000000002]]}