{"n_experiments": 1000, "bias": [[-0.07832258707558505, -0.06032007137403618, -0.10921355690910427, -0.04604050249827313], [-0.05920306987268107, -0.031988329470885125, -0.0728251357899044, -0.035825782192375075], [-0.05918086519109361, -0.03196209090610171, -0.0727849650032142, -0.035812133614902965], [-0.059148380779279475, -0.031875134934224676, -0.07269673241826849, -0.035791049846383385], [-0.10985456722700174, -0.10999479349524563, -0.1759526441557594, -0.06270373234195262]], "mse": [[0.38536772569393557, 0.4093342841894372, 0.6967836430926375, 0.19457792356266518], [0.3130490073623762, 0.26165447822553767, 0.44304105257613097, 0.17335953391898998], [0.31302900710305814, 0.26166981077839113, 0.4430253767126419, 0.17334553650571313], [0.3130308878330065, 0.261560801586306, 0.442912801743287, 0.1733514170050486], [0.33049644899582653, 0.2783458303581142, 0.47696965345730724, 0.18284433328585956]], "mae": [[0.47671524562198103, 0.5011043296628473, 0.6522414933806822, 0.33393689694782946], [0.4360451148756152, 0.3952551569142486, 0.5183195856079303, 0.3215284103772059], [0.43602883630417066, 0.3952708777750706, 0.5183087299199998, 0.3215171059274425], [0.4360357654155682, 0.3951922976971297, 0.5182510164452587, 0.3215130013268852], [0.44281903965074737, 0.4046432300537317, 0.5363608612201618, 0.3271726600003172]], "comp": [0.00030447673797607476, 0.0005581901073455811, 0.011717832326889036, 0.021776039600372308, 0.0012573814392089848], "coverage": [[0.934, 0.944, 0.926, 0.931], [0.928, 0.93, 0.931, 0.948], [0.934, 0.9309999999999999, 0.9239999999999999, 0.935], [0.932, 0.93, 0.9269999999999999, 0.9379999999999998], [0.9209999999999999, 0.919, 0.908, 0.935]]}