{"n_experiments": 10000, "bias": [[-0.024161666781222387, -0.02646773361798243, -0.029991058161273395, -0.024975246017181884], [-0.009514468775054552, -0.011675097896611003, -0.015386371888485288, -0.01074660572731728], [-0.015441349482797174, -0.01810787621570104, -0.021481788420313435, -0.01672067819388495], [-0.00858331940494974, -0.010755825658541475, -0.014449915229126609, -0.009808129169257237], [-0.039132439086047764, -0.04116965625071853, -0.04519575673669607, -0.040224459480957285]], "mse": [[0.07755796763916303, 0.08035775504851761, 0.07902682882455932, 0.07711515346134509], [0.055563408210677574, 0.05762405124359374, 0.05692991428113304, 0.05572328435459695], [0.08419196560297369, 0.09487544098871194, 0.08660737210502287, 0.08385943445469783], [0.055808697693534734, 0.05788504276615894, 0.057172865848273635, 0.05596343595933476], [0.05747670103581551, 0.0598738285590439, 0.05940768899824358, 0.05775713971876786]], "comp": [0.00048797125816345315, 0.0008322312355041518, 0.13686463704109122, 0.4935788013458252, 0.0010586678266525235], "coverage": [[0.0, 0.0, 0.0, 0.0], [0.0, 0.0, 0.0, 0.0], [0.0, 0.0, 0.0, 0.0], [0.0, 0.0, 0.0, 0.0], [0.0, 0.0, 0.0, 0.0]]}