{"n_experiments": 1000, "bias": [[0.016513199111367883, 0.03270842682212752, 0.03321361129413437, 0.024488414233451276], [0.0051995843225356615, 0.02128222009348186, 0.022433791959196266, 0.012764789877390968], [0.0038887294140334118, 0.02015159625341263, 0.021019864922053086, 0.011327100332493456], [0.005196182844405281, 0.0212696328819443, 0.022423497844796553, 0.01274790831285964], [0.04304751501399492, 0.0663941665118291, 0.06010036280142432, 0.05806267286040097]], "mse": [[0.07385710036560926, 0.08253035767894498, 0.07913689022499582, 0.07742666095241879], [0.05369261750648768, 0.061797864778431015, 0.059607358198909464, 0.05534880711990556], [0.05313514064351917, 0.06170932458903161, 0.058995343498231836, 0.05472261393970704], [0.05369075959456603, 0.06179491996385696, 0.05960374848395754, 0.05535042539627884], [0.06838911326803987, 0.09557988988701029, 0.07503979240998597, 0.08856873226733404]], "mape": [[0.2103213269912789, 0.2226068688833246, 0.21762993926684857, 0.21385334895938984], [0.1831251621388811, 0.19516920145718158, 0.1945247246405171, 0.1877140227977642], [0.1818476395022509, 0.19488093643534543, 0.19350047613533722, 0.18577395901153423], [0.18312730925504958, 0.19515299636220046, 0.1945185976149518, 0.18771630488735416], [0.20290383975111215, 0.23705240371715017, 0.21017383603854775, 0.22778072256147777]], "comp": [0.000782392263412476, 0.0008028774261474609, 0.006147160053253176, 0.016059979677200326, 0.0014613523483276367], "coverage": [[0.946, 0.932, 0.938, 0.942], [0.9419999999999998, 0.9329999999999999, 0.9359999999999998, 0.953], [0.941, 0.931, 0.944, 0.955], [0.945, 0.939, 0.9449999999999997, 0.9479999999999998], [0.8950000000000002, 0.883, 0.8959999999999999, 0.8929999999999999]]}