{"n_experiments": 1000, "bias": [[0.0002966929886014157, -0.0007685420687852549, -2.6707487202856977e-05, 9.037110397838131e-07, -0.005593608627722604], [0.0002966929886014222, -0.0007685420687852493, -0.0006407249939828044, -0.0006107091687406335, -0.005593608627722601], [0.0002966929886014198, -0.0007685420687852533, -0.0006407249956041647, -0.0006107091704799043, -0.005593602276876284], [0.0002960348251747177, -0.0007697328913489542, -0.00014920458773175124, -0.00011930770683727143, -0.005593523708770166], [0.00012528572778124197, -0.0007143851719880539, -0.0019834378474155806, -0.001974621479336364, -0.005593608627722599]], "mse": [[0.0008351939184831943, 0.0008877053408278953, 4.502318854042301e-05, 4.482727156277463e-05, 0.019987957885659557], [0.0008351939184831941, 0.0008877053408278956, 2.3780874439757846e-05, 2.37628988318019e-05, 0.019987957885659553], [0.0008351939184831946, 0.0008877053408278956, 2.3780874172632576e-05, 2.3762898551945507e-05, 0.019987941249112948], [0.0008352110636485938, 0.0008881167179724941, 2.3225277291821854e-05, 2.3237647489575826e-05, 0.019988023443959644], [0.0007988994285577135, 0.000969316721481793, 3.959608853256008e-05, 3.937329317083578e-05, 0.01998795788565954]], "mape": [[0.0461565982204298, 0.04764263699109659, 0.12358534523168581, 0.12338230675888892, 1.1808668980158377], [0.04615659822042979, 0.047642636991096624, 0.09007334575218487, 0.09014520731754798, 1.1808668980158374], [0.04615659822042981, 0.04764263699109661, 0.09007334520637872, 0.09014520674254027, 1.1808663211432915], [0.0461553218120832, 0.047649240794231155, 0.08880746333163077, 0.08886925166258937, 1.1808701506259018], [0.04506928658120625, 0.04991532116346231, 0.11738110340487785, 0.1172897555526734, 1.1808668980158374]], "comp": 0, "coverage": 0}