{"n_experiments": 838, "bias": [[0.03711672036857475, 0.04072822312473985, 0.030042768986437922, 0.03407805020074025], [0.03445617073096752, 0.038546611058317734, 0.02912689321129384, 0.031145827458647114], [0.03445613778729605, 0.0385466443371457, 0.029126926346844332, 0.03114579441529691], [0.02051891569376359, 0.024657985739653294, 0.015286653892995957, 0.01719490824845606]], "mse": [[0.08875818090784221, 0.0865628581419766, 0.07988949359141088, 0.08875285076908451], [0.06523390390718535, 0.06336911393967118, 0.06052305335157076, 0.063698066541468], [0.06523389688424122, 0.06336911486157044, 0.06052306366999844, 0.0636980417531409], [0.062046083573476817, 0.06033039321758449, 0.05770781527534351, 0.06059338556590373]], "mape": [[0.2312500238567854, 0.2232117975524333, 0.21531991783130144, 0.2291490966232432], [0.19672323051646307, 0.19811367822956957, 0.19028047578840185, 0.19773033124050887], [0.1967231831591109, 0.19811371913311498, 0.1902805385268225, 0.1977302640627056], [0.19304509893839178, 0.19411105155874878, 0.18695158738747708, 0.19352078220225438]], "comp": [0.0005973241778717401, 0.00041558947369705224, 0.003738992254034147, 0.015321526720870936], "coverage": [[0.9307875894988066, 0.9355608591885441, 0.9331742243436754, 0.9331742243436754], [0.9272076372315033, 0.9439140811455847, 0.9379474940334129, 0.9355608591885441], [0.9343675417661098, 0.9451073985680191, 0.9355608591885441, 0.9343675417661098], [0.931980906921241, 0.9474940334128878, 0.9427207637231504, 0.9391408114558473], [0.0, 0.0, 0.0, 0.0]]}