{"n_experiments": 1000, "bias": [[-0.025022342170158276, -0.04394751895720246, -0.03759843433701025, -0.017007044535988346], [-0.0064181357015995035, -0.024550111594883184, -0.019596447317757112, 0.0014015914050162267], [-0.006417567199278768, -0.0245502377054721, -0.01959705408665776, 0.001403055764101985], [-0.006411975582872293, -0.024535388771165234, -0.019576815941084097, 0.0014259607020140422], [-0.03571108102701999, -0.056396833123203545, -0.04950302692894446, -0.029703008185261073]], "mse": [[0.07373447541539353, 0.08670610422801146, 0.08509257832004342, 0.07758156884643601], [0.052678428882106915, 0.061241287891991514, 0.06396750368548376, 0.056266166153015405], [0.052678029621421124, 0.061242717002189, 0.0639687301633397, 0.0562640410639214], [0.05267805048799251, 0.061238275423825816, 0.06396231056279779, 0.05626516639863108], [0.0541637097402459, 0.06452047150567401, 0.06656844168607524, 0.0582767923109257]], "mae": [[0.21333636904923636, 0.22100066946119373, 0.2153266066852682, 0.21753067000524054], [0.18292039546984964, 0.19162007861928168, 0.19145075096591074, 0.18854243558259548], [0.18291656504462597, 0.19162731120560628, 0.19145374431124232, 0.18853465465852298], [0.1829219396830604, 0.19161488411446773, 0.19144545930375653, 0.18854803958906055], [0.1847051338304434, 0.19560436685855767, 0.19312563545560574, 0.18880935647519503]], "comp": [0.0004085695743560792, 0.0006704189777374273, 0.006715942144393921, 0.013829004526138305, 0.0013227171897888168], "coverage": [[0.938, 0.929, 0.9229999999999999, 0.939], [0.94, 0.92, 0.9189999999999998, 0.938], [0.939, 0.928, 0.9189999999999998, 0.938], [0.939, 0.922, 0.913, 0.932], [0.929, 0.907, 0.907, 0.922]]}