{"n_experiments": 1000, "bias": [[0.0014763280634677647, -0.0005534615256979835, 0.0004147197541986427, 0.00034918285045776684, 0.005076749386426221], [0.0014763280634677637, -0.0005534615256979804, 0.00022421798195724948, 0.00015756173879132965, 0.005076749386426203], [0.0014763280634677604, -0.0005534615256979884, 9.735743732344881e-05, 3.088143649899742e-05, 0.005073665389462798], [0.001478562998028738, -0.0005500929676195179, -3.559167356628194e-05, -0.00010222752601358936, 0.00508113251026412], [0.001459958172067878, -0.00011045517369670272, 0.002292468962286763, 0.0022532366638989033, 0.005076749386426224]], "mse": [[0.0008585639581263499, 0.0008240480843503819, 4.270312472558487e-05, 4.249876807405072e-05, 0.01988842902697171], [0.0008585639581263499, 0.0008240480843503816, 2.2534219154822383e-05, 2.2429149461965057e-05, 0.0198884290269717], [0.0008585639581263495, 0.0008240480843503816, 2.3779303727897383e-05, 2.366709868972464e-05, 0.01988744759275983], [0.0008592134044194952, 0.0008244411364891591, 2.510678514765411e-05, 2.5027664888156355e-05, 0.019886470211613588], [0.000818068920299959, 0.0009352348162536042, 3.959780882939362e-05, 3.91168224189427e-05, 0.019888429026971702]], "mape": [[0.04633815518491391, 0.046051592130685846, 0.11932177503204897, 0.11893614330196284, 1.1316080732507738], [0.04633815518491387, 0.04605159213068583, 0.08685220766958392, 0.08665469362911497, 1.1316080732507738], [0.04633815518491391, 0.046051592130685826, 0.0900763270329719, 0.08994202541481915, 1.1315829253413423], [0.04635953397922656, 0.04606938228483187, 0.09281244942278243, 0.09261927988114566, 1.1315206130509754], [0.0451237262447144, 0.049327827113842336, 0.11744512674983162, 0.11700967749137493, 1.1316080732507778]], "comp": 0, "coverage": 0}