{"n_experiments": 10000, "bias": [[-0.09737482125877014, -0.11422496727240945, -0.07211389113933787, -0.05823970691561971], [-0.06317401285793348, -0.049710349506589833, -0.027097510642242792, -0.04150158591494293], [-0.06312232970875184, -0.049593712127838044, -0.02700941450318571, -0.0414787057295562], [-0.06311684181091701, -0.04958337281064165, -0.026992804886057764, -0.04147256035666137], [-0.1145829725438027, -0.15215079155948644, -0.10334981252996651, -0.06737660524322739]], "mse": [[0.4014494447102222, 0.7775256118566215, 0.43399930806180237, 0.2016031122878339], [0.29829897486825957, 0.4555246916424104, 0.27793695349531417, 0.17170415315967838], [0.29829890179013147, 0.4554640326048083, 0.27789956234984414, 0.17170792542655208], [0.29828851681709595, 0.4553873619718366, 0.27784457995932277, 0.17169740044905485], [0.31772422500722963, 0.48848978197851983, 0.29512064196934096, 0.18079954529490905]], "comp": [0.0003174142360687253, 0.0007068380355834961, 0.2152408333063126, 0.011458690381050081, 0.0021316523790359406], "coverage": [[0.0, 0.0, 0.0, 0.0], [0.0, 0.0, 0.0, 0.0], [0.0, 0.0, 0.0, 0.0], [0.0, 0.0, 0.0, 0.0], [0.0, 0.0, 0.0, 0.0]]}