{"n_experiments": 100, "bias": [[0.0029476417471836036, 0.0014891143369820572, 2.908413826155693e-05, 0.00014455504615757124, -0.004964683936762141], [0.002947641747183602, 0.0014891143369820453, 0.0003769965025038825, 0.0004936428309294873, -0.004964683936762122], [0.0029476417471836092, 0.001489114336982063, 0.00037707530892799234, 0.0004937251265059149, -0.004964656852172129], [0.0029410020705693753, 0.0014837317541982276, 0.0003769826913170822, 0.0004938246036661042, -0.004964683204931289], [0.0025520834192239482, 0.0013268440908889478, -0.0018694927328912797, -0.0017682687250241635, -0.004964683936762132]], "mse": [[0.0010482881468467076, 0.0008755019773964354, 3.7603961598276055e-05, 3.8386918509560905e-05, 0.018344327021774322], [0.0010482881468467065, 0.000875501977396436, 1.6541197441086192e-05, 1.738925292868538e-05, 0.018344327021774312], [0.001048288146846707, 0.0008755019773964359, 1.6540852809089332e-05, 1.738928258464855e-05, 0.01834428649940267], [0.0010489281788282096, 0.0008750318340130208, 1.6541772876200508e-05, 1.7389210266720467e-05, 0.018344327257717966], [0.000996887056806414, 0.0008887777441032686, 3.490696556975026e-05, 3.50227549776812e-05, 0.01834432702177431]], "mape": [[0.047287198404245515, 0.046452684284516405, 0.11468517225857333, 0.11546239476638602, 1.0851286404664524], [0.04728719840424553, 0.04645268428451641, 0.07664621711492291, 0.07810424072963752, 1.085128640466452], [0.04728719840424555, 0.04645268428451639, 0.0766443695603438, 0.07810207644030594, 1.0851275847124178], [0.047292957814043565, 0.04644416625490594, 0.07664486643968905, 0.07810705508172919, 1.0851286384612109], [0.04637774914601962, 0.048990522481662975, 0.11198228420542666, 0.11249244635360414, 1.0851286404664526]], "comp": 0, "coverage": 0}