{"n_experiments": 1000, "bias": [[0.03397713277956202, 0.03936875099042383, 0.0002899804845134485, 0.027089500748615294, 0.1810028207968364], [0.03397713277956202, 0.03936875099042383, -0.017428800864108536, 0.009938142555508778, 0.18100282079683644], [-0.002382380982894654, 0.0019024319590001846, -0.017645451998722892, 0.009320530815403932, 0.2650015390320702], [0.08151376993568844, 0.08596432612705392, -0.013577985708939823, 0.013958869538074476, 0.05874917953102909], [-0.02674194408856062, 0.02059474320805128, -0.02294002324158501, 0.0069916163709905, 0.34715071438412975], [-0.028428348309215, 0.018942741411314832, -0.022747977536838177, 0.007211151641207411, 0.33919187801197004]], "mse": [[0.002399066824033662, 0.0022599352322978136, 0.00010874696325063143, 0.0008221208572961477, 0.03375578584373316], [0.0023990668240336686, 0.0022599352322978145, 0.0003519130462632721, 0.00014520140557333603, 0.03375578584373316], [0.0013899510555537293, 0.0007095759153066906, 0.00036279552837640785, 0.00013467594452843052, 0.07090672694763414], [0.00789091612941813, 0.008312451847745825, 0.00023928787503988807, 0.00024123340030180604, 0.005682710228970649], [0.001885430747303566, 0.0009211897327811689, 0.0005606878898177743, 7.526896328863024e-05, 0.12162254008937246], [0.0019849884425126984, 0.0008598479909977689, 0.0005525457656011543, 7.874506927181855e-05, 0.11616419566003253]], "mape": [[0.12184338289174967, 0.13533636695429016, 0.13544881573568682, 0.8130452419684192, 0.24943545929800573], [0.1218433828917497, 0.13533636695429016, 0.2826485353514482, 0.3099042102454931, 0.24943545929800576], [0.09031236679200219, 0.06939438760399047, 0.28633099117267446, 0.29481970065227775, 0.3651919915509858], [0.248819971250078, 0.2839132385778852, 0.22347205792825292, 0.4209239736377976, 0.08617715896586907], [0.10879570232583864, 0.0812902589825614, 0.37166923067375807, 0.22034710452268866, 0.47839971502559936], [0.11207796841718866, 0.07806786177910695, 0.3685577482403804, 0.22611831476405034, 0.46743184172269897]], "comp": 0, "coverage": 0}