{"n_experiments": 1000, "bias": [[-0.0019005053592513054, -0.0006346840213827917, -0.0006321400735032517, -0.0014870525530451637], [-0.0011221256415698698, 0.00011812662100346268, 7.579744485475524e-05, -0.0007019607981055786], [-0.0009298847731441988, 0.00022344571042447192, 0.00046197671889537943, -0.0002979336195134711], [0.008333385834277897, 0.009618803476034641, 0.009565588455437039, 0.008723988023831251], [-0.0033797833919374017, -0.0028049319246630463, -0.0020907111027821017, -0.003757512091621291]], "mse": [[0.003310108550452743, 0.003519661017784684, 0.0033715703150128313, 0.003320589223340348], [0.0025765544682343116, 0.002828684078073684, 0.0027655092830117843, 0.0025742469420934827], [0.00219880574583224, 0.0026094053062687863, 0.001992297794249789, 0.001768765797528281], [0.00200733141273331, 0.0021409385451353325, 0.0021347056848861814, 0.002064386248076545], [0.0029559959108696964, 0.0036493643097798285, 0.002959120076130119, 0.0036589220519587127]], "mae": [[0.0455995962071532, 0.047137378989583756, 0.04589968815377046, 0.04577459453650834], [0.04087934797054273, 0.04144969583329042, 0.04160250173650247, 0.04047124695067944], [0.03740046882630226, 0.040260787811680826, 0.03451362008039859, 0.033266507463086493], [0.03535904779618669, 0.03576898351301483, 0.03629187407923641, 0.03586979839034599], [0.0436655215376137, 0.047819925101563215, 0.04320729955510059, 0.048560901932901794]], "comp": [0.0005575919151306146, 0.0006072640419006346, 0.002665670871734622, 0.006239614963531496, 0.0021076557636261024], "coverage": [[0.9459999999999998, 0.935, 0.943, 0.952], [0.941, 0.934, 0.938, 0.952], [0.971, 0.959, 0.959, 0.97], [0.965, 0.944, 0.953, 0.958], [0.941, 0.938, 0.944, 0.943]]}