{"n_experiments": 1000, "bias": [[0.0030685253959998374, 0.01191948394243872, 0.010758664631680926, 0.00783712270965894], [0.0006629229545502389, 0.009348722036792217, 0.008290635805681224, 0.005321622834286611], [0.000662918632862606, 0.009348729219328967, 0.008290642912396907, 0.005321618579391401], [-0.0025234067374664444, 0.006138523114491051, 0.005098609518957133, 0.002120825185568533], [0.009334290479518916, 0.021921646607366507, 0.0168137537737776, 0.01762215259358618]], "mse": [[0.018287218540865628, 0.017225894808438356, 0.01664127462928911, 0.018710956465370996], [0.014530578691915161, 0.012961980611648124, 0.012611840531924554, 0.014538678580754093], [0.014530574847379237, 0.012961967156323244, 0.012611826286622248, 0.014538678792769294], [0.014380161011164828, 0.012771909815613769, 0.012455055823419246, 0.014354123682819263], [0.016293065415515427, 0.019059937287931334, 0.014668964903071126, 0.020663631219386917]], "mape": [[0.10872796915441789, 0.10360383632531991, 0.10174492089943687, 0.10911501059343476], [0.09597353127958265, 0.09041887995707593, 0.08988255929344577, 0.09587631665098907], [0.0959735278027271, 0.09041884478772937, 0.08988246091267584, 0.09587632696257001], [0.09560000033765464, 0.08995743010041285, 0.08930715072632567, 0.09548243783602037], [0.102499372892837, 0.10782388534916507, 0.09592977872610638, 0.11325617561265472]], "comp": [0.00048802661895751954, 0.0002959868907928467, 0.0027092063426971437, 0.015523242712020874, 0.001390320777893066], "coverage": [[0.941, 0.94, 0.949, 0.9429999999999998], [0.934, 0.942, 0.954, 0.934], [0.936, 0.939, 0.952, 0.936], [0.9349999999999998, 0.9469999999999998, 0.959, 0.93], [0.937, 0.935, 0.943, 0.928]]}