{"n_experiments": 1000, "bias": [[0.02395355735514848, 0.030967297747272818, 0.03643032197661337, 0.025688123964463544], [0.027867554850781507, 0.03542134624797766, 0.041227961719059444, 0.029952538108480302], [0.027867515182917826, 0.03542138380121443, 0.0412279992964025, 0.029952498077964147], [0.014497925843374438, 0.022152924997195858, 0.027934203286581732, 0.016526947294331684], [0.05757384905630059, 0.0712376702354519, 0.0701236656293065, 0.06437800625077435]], "mse": [[0.07906161323188685, 0.07711943101682323, 0.07459629597944165, 0.07809902091925613], [0.059771980357184215, 0.060425218226029295, 0.05807208654634551, 0.059320209648873724], [0.05977197382574034, 0.06042520301244321, 0.058072055959620866, 0.05932020550058059], [0.0563331708066498, 0.05737130572422269, 0.054968400684419674, 0.05561496979961235], [0.07430974752600641, 0.09052827618257363, 0.07278225562096187, 0.0896187796742789]], "mape": [[0.21186225303243011, 0.21666609977886467, 0.211130361316576, 0.20903132682176118], [0.18949122326943288, 0.1950280762954874, 0.19009565873338194, 0.18443368654363682], [0.189491182543708, 0.19502805074872154, 0.1900955932923244, 0.18443369903332785], [0.18466717311977823, 0.19040380854286135, 0.18523353266080927, 0.18045933855257534], [0.20597430180279022, 0.23030658369207158, 0.2063726561180107, 0.22307691603880703]], "comp": [0.0005308747291564945, 0.00031873774528503386, 0.002869893550872802, 0.01730256557464601, 0.001384091854095459], "coverage": [[0.9309999999999999, 0.937, 0.938, 0.93], [0.922, 0.9209999999999999, 0.922, 0.923], [0.924, 0.9189999999999998, 0.923, 0.925], [0.931, 0.925, 0.933, 0.935], [0.8939999999999999, 0.8870000000000001, 0.903, 0.9069999999999999]]}