{"n_experiments": 1000, "bias": [[0.03419604176487603, 0.031189144958918488, 0.10445305876639363, 0.08989113460114245], [0.02877471475082138, 0.025015969677233584, 0.08513575758378512, 0.07411366783616707], [0.028775442038242414, 0.025015206149153806, 0.085134964670621, 0.07411437610654593], [0.01617640342091937, 0.00892630363182264, 0.04792726006028813, 0.04570051189166803]], "mse": [[0.06871577321386499, 0.07979910145998542, 0.3033099283808135, 0.2048144689531081], [0.05585438940370695, 0.058965058550868234, 0.17136605527324383, 0.12732448797650006], [0.05585428221744304, 0.05896486803394359, 0.17136557102176841, 0.12732444115770375], [0.053545939468939235, 0.05596899801536842, 0.15330327907930813, 0.11477537121938049]], "mape": [[0.29429077259293546, 0.24051994910776311, 0.2068625292788155, 0.22806704940658581], [0.2658416353891529, 0.21217293136541068, 0.15993341548455367, 0.18278384003142784], [0.26584124781539686, 0.21217258362474425, 0.15993317558557119, 0.1827837669676432], [0.26127009704185644, 0.20810186121392926, 0.1531483310453462, 0.1751327191578828]], "comp": [0.00033379316329956043, 0.00022882246971130354, 0.0022395210266113303, 0.012926413297653195], "coverage": [[0.924, 0.92, 0.907, 0.914], [0.924, 0.9229999999999999, 0.905, 0.915], [0.928, 0.9089999999999999, 0.911, 0.914], [0.939, 0.933, 0.927, 0.932], [0.0, 0.0, 0.0, 0.0]]}