{"n_experiments": 1000, "bias": [[-0.0002524283661216769, 0.0018379273365887836, 0.004193167790266939, 0.005089274469088594], [-0.0016870699659754852, 0.00017392513897473394, 3.1954651111519186e-05, 0.0017894232572897735], [-0.0006625149940489932, 0.001527508767437038, 0.0030644541990524107, 0.004000111553244424], [0.00040470069552583693, 0.002868632201145933, 0.006010644583477466, 0.006284451379106428], [0.0008240477980190219, 0.003966076236109393, 0.00712464724564043, 0.008680633790954373]], "mse": [[0.003062413033571153, 0.0030980568002786577, 0.01087350020855985, 0.00819865227784634], [0.0025484603234681253, 0.002602277221195141, 0.006520113926975313, 0.005148531108478446], [0.002511778975621692, 0.002673203431895675, 0.006847414444453833, 0.005055152305813107], [0.0025692378168073473, 0.002629935066970596, 0.006621996107211199, 0.005245795091734129], [0.0027342846721637635, 0.002946761560070198, 0.008639617850523923, 0.008456853467118983]], "mape": [[0.06275417343578728, 0.049557170699297264, 0.04188530996635893, 0.047854520668072484], [0.05760798533748313, 0.04553981499782761, 0.03199549813338833, 0.03805667730255655], [0.05720778353654663, 0.04608173698766795, 0.03279304501511198, 0.03761573710781631], [0.05787094026592763, 0.04569178196769402, 0.03210490886735609, 0.03839150937553002], [0.05915997930153304, 0.0480841368111806, 0.03755335080757582, 0.04878437622607065]], "comp": [0.0005584380626678456, 0.0005723845958709711, 0.009389790296554568, 0.01955167150497437, 0.0035241832733154295], "coverage": [[0.939, 0.953, 0.948, 0.9309999999999999], [0.941, 0.953, 0.946, 0.9409999999999998], [0.948, 0.948, 0.949, 0.947], [0.9379999999999997, 0.95, 0.949, 0.941], [0.9309999999999999, 0.955, 0.961, 0.941]]}