{"n_experiments": 1000, "bias": [[-0.025022342170158276, -0.04394751895720246, -0.03759843433701025, -0.017007044535988346], [-0.0064181357015995035, -0.024550111594883184, -0.019596447317757112, 0.0014015914050162267], [-0.007085125838652454, -0.024706654056100185, -0.01961621142476404, 0.0009295647503981077], [-0.003261975399850856, -0.021005002162498402, -0.015937628035739886, 0.0046505975267382834], [-0.05067934348952941, -0.08095352633477249, -0.06343145379279698, -0.053762845778971204]], "mse": [[0.07373447541539353, 0.08670610422801146, 0.08509257832004342, 0.07758156884643601], [0.052678428882106915, 0.061241287891991514, 0.06396750368548376, 0.056266166153015405], [0.053261057869395736, 0.06073292022244766, 0.0631378485954731, 0.056334629435665105], [0.052080040501383776, 0.059822079759346, 0.06247286121390251, 0.05541919436939547], [0.06801499997685917, 0.0981948086738861, 0.07963178342416498, 0.09048241144054449]], "mae": [[0.21333636904923636, 0.22100066946119373, 0.2153266066852682, 0.21753067000524054], [0.18292039546984964, 0.19162007861928168, 0.19145075096591074, 0.18854243558259548], [0.18331623690139737, 0.19061828541144077, 0.1896936449499857, 0.18855187694190664], [0.18235119857620796, 0.18896173574743716, 0.18885219609768275, 0.18664619352178452], [0.20225270530131084, 0.23485269357484373, 0.20688810078042758, 0.23025714533730235]], "comp": [0.0005247466564178478, 0.0006469476222991937, 0.006219785451889034, 0.011424443006515506, 0.0014460611343383803], "coverage": [[0.938, 0.929, 0.9229999999999999, 0.939], [0.94, 0.92, 0.9189999999999998, 0.938], [0.939, 0.931, 0.917, 0.942], [0.94, 0.928, 0.917, 0.938], [0.8920000000000001, 0.888, 0.8769999999999999, 0.892]]}