{"n_experiments": 1000, "bias": [[0.0013146120724998685, 0.0003365602649456419, 0.00046583085078123195, 0.00038081220010156993, 0.005332281695479826], [0.0013146120724998704, 0.0003365602649456441, 0.0002986739302441588, 0.00019085416600769973, 0.005332281695479839], [0.00131461207249987, 0.0003365602649456407, 0.00033287520672426396, 0.00021972738503450018, 0.00529871281428269], [0.0013386054808138062, 0.00034022776698920595, 0.00022999765924911042, 0.00012130233959281194, 0.0053227071361269885], [NaN, NaN, NaN, NaN, NaN]], "mse": [[0.0006639502106017535, 0.0006335391500758011, 4.124205426784844e-05, 3.928312584229232e-05, 0.003628995746456179], [0.0006639502106017532, 0.000633539150075802, 3.409639225594806e-05, 3.363316550962182e-05, 0.0036289957464561784], [0.0006639502106017534, 0.0006335391500758018, 2.2439832192613113e-05, 2.2245446992027855e-05, 0.0036335898491692857], [0.0006646531254512946, 0.0006335805712245002, 3.659836091921119e-05, 3.6094977380790644e-05, 0.003628525130253009], [NaN, NaN, NaN, NaN, NaN]], "mape": [[0.06760547584650795, 0.0658965990657304, 0.1524951062279634, 0.14938629882808951, 0.0593641643558396], [0.06760547584650795, 0.06589659906573041, 0.1379034686826834, 0.137765638724155, 0.05936416435583964], [0.06760547584650795, 0.0658965990657304, 0.10721169622947636, 0.10697741189988642, 0.059407338106524155], [0.06763276592432638, 0.06587714565969453, 0.14069147658584083, 0.14051652519845292, 0.05935735116910515], [NaN, NaN, NaN, NaN, NaN]], "comp": 0, "coverage": 0}