{"n_experiments": 1441, "bias": [[0.015643420248200236, 0.013362538971998171, 0.05188672031788888, 0.03595289178232982], [0.02123223570942421, 0.017666682542660177, 0.05574169052703884, 0.04294677796453823], [0.021232949237445047, 0.01766593364708614, 0.05574091378728872, 0.04294747395277808], [0.011091544940061628, 0.0047509118022854135, 0.025715569426992248, 0.020516837503538696], [0.023056159611381053, -0.024569406662040286, -0.0436993546148507, 0.007292798056904931], [0.010413309507286648, -0.03299182789729355, -0.06069639833448995, -0.009585852879944491]], "mse": [[0.06275054641232866, 0.06916128534986986, 0.24954743957354963, 0.1666242403125166], [0.05538623158472233, 0.05501860206613113, 0.14769754635158922, 0.12125239050518166], [0.05538613125745633, 0.05501843660267488, 0.14769715071923004, 0.12125230124545232], [0.05319151509965939, 0.05331551578586531, 0.13667624790078664, 0.11403468587941985], [0.0341540618120527, 0.03878698027601737, 0.10510324717369877, 0.07680352338985011], [0.034553539361960484, 0.03963439941196817, 0.10597699612900759, 0.0766221990410241]], "mape": [[0.2730435222898097, 0.22880698185727924, 0.1871711786054024, 0.20541657391660653], [0.26620958432735276, 0.20930092053804844, 0.15023432800498204, 0.18067531823989677], [0.26620928396200116, 0.2093005290858538, 0.15023408534169855, 0.18067522652723145], [0.2634999645663292, 0.20670114728017952, 0.1465895873065422, 0.1774169042749685], [0.20958613859423003, 0.17847970313825254, 0.13077187716863292, 0.1464333925514688], [0.2119081183701795, 0.18022601125761434, 0.13142119708535738, 0.14718771871385608]], "comp": [0.00022603404927303358, 0.00010777347043187646, 0.0014240243714522512, 0.0067601395844585944, 2.4925277499504097], "coverage": [[0.9396252602359473, 0.9430950728660652, 0.9465648854961836, 0.9535045107564192], [0.9403192227619709, 0.9514226231783484, 0.945176960444136, 0.9437890353920888], [0.9375433726578765, 0.9472588480222068, 0.9507286606523248, 0.9319916724496877], [0.9472588480222068, 0.9444829979181124, 0.9548924358084664, 0.9361554476058292], [0.9583622484385843, 0.9507286606523248, 0.9486467730742537, 0.9514226231783484]]}