{"n_experiments": 1000, "bias": [[-0.0016341195009965004, -0.0022126694666889557, 7.857367329835326e-05, 7.909351045249963e-05, 0.003994287776848191], [-0.001634119500996499, -0.002212669466688955, -0.0004943583370483012, -0.0004907308188938102, 0.0039942877768481995], [-0.0016341195009965022, -0.0022126694666889575, -0.0004943583488860971, -0.0004907308308924428, 0.003994243988680657], [-0.0016336290266687214, -0.002214587837759918, 1.0659618408063502e-05, 1.4194506480005053e-05, 0.0039945284884490865], [-0.0015321749001487976, -0.002200226366707506, -0.0007491375513950256, -0.0007448326834169431, -0.02817202930508494], [-0.0015418591537034888, -0.002233311991964435, -0.0003627394321848774, -0.00035883068628146816, -0.026903741678332642]], "mse": [[0.0008937930651180981, 0.0009553983224478213, 4.25795944608342e-05, 4.222382997295676e-05, 0.020151072357408584], [0.0008937930651180974, 0.0009553983224478211, 2.3220611161574553e-05, 2.3142139906829302e-05, 0.020151072357408595], [0.0008937930651180975, 0.0009553983224478203, 2.32206109675545e-05, 2.3142139694302607e-05, 0.020151063755975824], [0.0008940346455792279, 0.0009557262517995872, 2.2404492277198305e-05, 2.2339665462093085e-05, 0.02015112661111381], [0.0008380825543431159, 0.000899293824459357, 1.5522133040795054e-05, 1.5501685699652145e-05, 0.012143519352258917], [0.0008451599075595035, 0.0009080475761730289, 1.538397277572961e-05, 1.5365383718289703e-05, 0.012523932921893128]], "mape": [[0.04745420188195561, 0.04942520326761463, 0.12019974803554424, 0.11962261494608481, 1.1849870224191121], [0.04745420188195562, 0.04942520326761463, 0.08893611876337894, 0.08883607238477262, 1.184987022419112], [0.04745420188195558, 0.04942520326761459, 0.08893611816824737, 0.08883607178641598, 1.1849868548356346], [0.04745678298092404, 0.0494295411802017, 0.08727586715797142, 0.08724320515228536, 1.1849895021699806], [0.04583372561729309, 0.04807917731965056, 0.07317533156930422, 0.07316672887647148, 0.9076272482538705], [0.04603626764275259, 0.048311737337729845, 0.07270885056250426, 0.07273350538135906, 0.9224904530392054]], "comp": 0, "coverage": 0}