{"n_experiments": 1000, "bias": [[0.014777547689989338, 0.018139172812765367, 0.006100012253609345, 0.014953958416791174], [0.01696190346288582, 0.02637312190293234, 0.010451432601774242, 0.01639836444909792], [0.01696190346198588, 0.026373121882599253, 0.010451432591634889, 0.016398364450941706], [0.010030582400705465, 0.002631972700340953, 0.00041595010531854284, 0.012923849715637663], [-0.08267785999999985, -0.3425279199999999, -0.1330058599999996, -0.03116996400000004], [-0.09526699000000009, -0.35492873000000014, -0.13787523, -0.043612200000000025]], "mse": [[0.09982254935404679, 0.5041999070327334, 0.09520016995641582, 0.05299708413483933], [0.08088087998549305, 0.29013430175941624, 0.06081482326171137, 0.04857081359703642], [0.08088087998526092, 0.29013430171546256, 0.060814823257922646, 0.048570813596267276], [0.07950882102641443, 0.2852223293988597, 0.060598649477402095, 0.047986827216966496], [0.05733846915260002, 0.3346231730095997, 0.06404419074740017, 0.03194763926549], [0.05938668536670004, 0.3426022309871004, 0.06516870104589997, 0.032701878790827976]], "mape": [[0.12448863943165103, 0.0805586753361817, 0.08166471695626934, 0.17953492607851657], [0.11245871449278079, 0.06100733529588624, 0.0657365795897929, 0.1727689479598711], [0.11245871449233076, 0.06100733529298154, 0.06573657958645997, 0.17276894795797954], [0.11155054686178129, 0.06035592135290397, 0.06574946005222783, 0.17178822382310935], [0.09486910000000007, 0.06817660285714276, 0.06826809999999987, 0.1423395039999998], [0.09689924499999993, 0.069133892857143, 0.0689823633333333, 0.14447816000000016]], "comp": [0.00024462032318115233, 0.00011728644371032714, 0.0013269689083099357, 0.008599899530410777, 13.05183465719223], "coverage": [[0.9489999999999998, 0.95, 0.95, 0.939], [0.944, 0.949, 0.958, 0.939], [0.9429999999999997, 0.95, 0.961, 0.939], [0.941, 0.96, 0.963, 0.944], [0.928, 0.887, 0.9019999999999999, 0.928]]}