{"n_experiments": 1000, "bias": [[0.023902360690348973, 0.0632125418938807, 0.023540405262115087, 0.012023235417176597], [0.025230021672649743, 0.07059021000332123, 0.027894595711515476, 0.013019310722745099], [0.025230021671947895, 0.07059020999798726, 0.027894595709199898, 0.01301931072269721], [0.01830411316049467, 0.046647730307782596, 0.01779333336086924, 0.009570681266222241]], "mse": [[0.10778669787311755, 0.5551294546256204, 0.0967287008018765, 0.055345102860029076], [0.08686032694778067, 0.34402329730481973, 0.06563155760768749, 0.050424403952582186], [0.08686032694824283, 0.3440232973045415, 0.06563155760910948, 0.05042440395258989], [0.08558786139428261, 0.33789612121834955, 0.06548069061287361, 0.049877845886066925]], "mape": [[0.12968747855340584, 0.08577538241601601, 0.08235156364792005, 0.18601880352525196], [0.11642088024641888, 0.0660742184175117, 0.06691617333181916, 0.17855046173649464], [0.11642088024666637, 0.06607421841812568, 0.06691617333259106, 0.1785504617364811], [0.11566609174138068, 0.0654552353682954, 0.06682608753023372, 0.1777049192810385]], "comp": [0.0002949411869049074, 0.0002411866188049316, 0.002493127584457397, 0.018421999454498322], "coverage": [[0.929, 0.926, 0.94, 0.935], [0.933, 0.926, 0.938, 0.936], [0.937, 0.926, 0.935, 0.928], [0.935, 0.932, 0.942, 0.931], [0.0, 0.0, 0.0, 0.0]]}