{"n_experiments": 2142, "bias": [[0.021362919665220036, 0.014082993677089255, 0.04627839163954343, 0.04115289828168413], [0.016110050848127964, 0.006473160063992398, 0.02573805619697437, 0.026225703871176894], [0.016041404847551507, 0.00656428980659556, 0.025872510177516534, 0.026141741426397257], [0.016107215948679747, 0.006455090901681579, 0.02565978456477839, 0.0261597413011572], [0.038394694877795, 0.04320627915796257, 0.0981713798415837, 0.08519514326215971]], "mse": [[0.06413330841908216, 0.07126332690282836, 0.24467208232671445, 0.16344426752364413], [0.0566121020244862, 0.058027962164308666, 0.1603285265085377, 0.11825298817351516], [0.05647131082838174, 0.05815249026334517, 0.1606793616883338, 0.1178406275379811], [0.05665897001468015, 0.05807382867910583, 0.1603161757859974, 0.11822826879610883], [0.06285417151540548, 0.09252574983292426, 0.22084648476606034, 0.18657961872599674]], "mape": [[0.2767194194225069, 0.23111076890289214, 0.1885516769764668, 0.20758726076157033], [0.26284196340628213, 0.21083116178575403, 0.1551557907869682, 0.18040459123609082], [0.26245692526387376, 0.21111173456832627, 0.15538872806667428, 0.1799817342619976], [0.2629603389761369, 0.21087687258786164, 0.1551508222734922, 0.1803816649711829], [0.27308432018135137, 0.24030229867219466, 0.17599604945036645, 0.21918750477045293]], "comp": [0.00030866768958967046, 0.0005089201513124769, 0.006878194354829334, 0.014994612372333377, 0.0012368846451646252], "coverage": [[0.0, 0.0, 0.0, 0.0], [0.0, 0.0, 0.0, 0.0], [0.0, 0.0, 0.0, 0.0], [0.0, 0.0, 0.0, 0.0], [0.0, 0.0, 0.0, 0.0]]}