{"n_experiments": 3000, "bias": [[0.0008354434973851235, 0.001329322162676177, 0.0006392085771706966, 0.0021334799251037217], [-0.0005837824440717075, -2.13111584029777e-05, -0.0007192423498049705, 0.0006904656357654805], [-0.000667681826664297, -4.040705588534591e-05, -0.0009701617723648113, 0.00029430273551902733], [-0.0005874749236760611, -2.482119546203106e-05, -0.0007225463151721927, 0.0006863645704715697], [0.0024287714557508755, 0.0036537908369103046, 0.0021107047787175363, 0.004413721487674417]], "mse": [[0.003339080784462712, 0.003322188374864509, 0.003181888003544358, 0.003668528158100878], [0.002610257508164195, 0.002741499681219896, 0.002583809274020505, 0.002888271017810105], [0.0022527138912118894, 0.002495331249073676, 0.0018830916123241334, 0.0018964169215189162], [0.002609691068276418, 0.0027418183256433058, 0.002584218947018685, 0.0028876039364894067], [0.002952793144524876, 0.0034545633082450847, 0.0027602146008665544, 0.003933577424133729]], "mape": [[0.04633778192804051, 0.04643444491426207, 0.044891480417095724, 0.04825160462641504], [0.04102487913136438, 0.041602704149912705, 0.04019596581928004, 0.043048801499880066], [0.03753819777335715, 0.03962951527930037, 0.03332480400585743, 0.03351442090069173], [0.041022228574759824, 0.04160157686348992, 0.040194039652612534, 0.04304452969096115], [0.0434318790958596, 0.04701117541213227, 0.04182378687864433, 0.04952451458380846]], "comp": [0.00039373644193013485, 0.0006834251085917145, 0.002507431109746298, 0.013444582382837938, 0.0013017549514770543], "coverage": [[0.0, 0.0, 0.0, 0.0], [0.0, 0.0, 0.0, 0.0], [0.0, 0.0, 0.0, 0.0], [0.0, 0.0, 0.0, 0.0], [0.0, 0.0, 0.0, 0.0]]}