{"n_experiments": 2000, "bias": [[0.0003445734461387352, -0.0007104649187633077, -0.0017652780486599674, 0.00016403608875790033], [0.0002384763288749055, -0.0008501682465100306, -0.002181027806249908, -0.00020124706673861005], [0.0007161028531051648, -0.00021039287680393022, -0.0007576619714698678, 0.000828544863445684], [0.00023938876324389714, -0.0008502864187066623, -0.0021861328111283246, -0.00020647372896687432], [0.001240264440865345, 0.0006052236583106017, 0.0011915761888984992, 0.0025666162485988827]], "mse": [[0.0027431698919274496, 0.0029630956049025593, 0.009758476577003173, 0.007131965030432641], [0.0024103046562165957, 0.0024020192518648563, 0.006591037500976273, 0.005160183731330028], [0.002389390848744192, 0.002441799653017633, 0.006746103442986681, 0.005098109178547783], [0.002411797605998733, 0.002403670375196117, 0.006590785501922965, 0.0051594631555338], [0.00247587582599748, 0.0030120479830108944, 0.00825681591261601, 0.007484582916820146]], "mape": [[0.059751047481659436, 0.04813737680866647, 0.03954183273396071, 0.04442634362869552], [0.05597177697980648, 0.043137030304504505, 0.03236144874256572, 0.03815788614928742], [0.05568627803477634, 0.04346833668964239, 0.0327644092318497, 0.03789508268260724], [0.05598172630153205, 0.043151098050514425, 0.0323606506677413, 0.03815490914093417], [0.056630151059034434, 0.04854327738774524, 0.03636604983643589, 0.045746494920194614]], "comp": [0.00032758140563964874, 0.000495614051818847, 0.006942795991897583, 0.01914385879039763, 0.0020132396221160835], "coverage": [[0.0, 0.0, 0.0, 0.0], [0.0, 0.0, 0.0, 0.0], [0.0, 0.0, 0.0, 0.0], [0.0, 0.0, 0.0, 0.0], [0.0, 0.0, 0.0, 0.0]]}