{"n_experiments": 1000, "bias": [[0.0022060766179549684, 0.0013188439756666947, 0.0015517763228218204, 0.0012974332944143015], [0.0014313255122587708, 0.0005429190174543977, 0.0007663821695531258, 0.0005160594537691232], [0.0012854103083403525, 0.00044776876358881135, 0.00042006134286342255, 7.653644717324737e-05], [-0.008562347642426478, -0.009409493084666688, -0.009192107432282602, -0.009477119052043678], [0.0037994543695945575, 0.0033137624032326886, 0.0033911570045371715, 0.003509935366700879]], "mse": [[0.0034578615439397296, 0.003295160860625594, 0.0032894317331820457, 0.0036880070117551803], [0.0027356589740518845, 0.002567241466578323, 0.0025437560380694546, 0.0029558593378594404], [0.0024064099129865765, 0.002337133452417506, 0.0018076613499715714, 0.002044844722511834], [0.0020731208247558126, 0.001972292458661327, 0.0019635257739551394, 0.0022890002910066595], [0.0030579008730777122, 0.0035237508197013697, 0.002887031319323266, 0.003859879271605352]], "mape": [[0.047160928583381605, 0.04605031724695834, 0.046396360396163606, 0.04886335226598023], [0.04194783537679758, 0.04051305288696326, 0.040741465740387624, 0.04345413208689439], [0.039264180339790046, 0.038175948374097296, 0.03331186893220066, 0.03467530720762294], [0.035778920711240975, 0.03511881353599057, 0.03507661641458914, 0.03740143800879298], [0.0445727129464043, 0.04733290444907402, 0.04314267341976731, 0.04983338434043946]], "comp": [0.0006288361549377451, 0.0007456405162811284, 0.0035756404399871853, 0.006300616025924686, 0.0019834547042846674], "coverage": [[0.948, 0.948, 0.959, 0.931], [0.946, 0.951, 0.96, 0.929], [0.964, 0.964, 0.963, 0.95], [0.949, 0.956, 0.965, 0.94], [0.944, 0.944, 0.945, 0.941]]}