{"n_experiments": 1000, "bias": [[0.0012565862364952226, 0.007233995492272401, 0.002646665809554614, -6.48628964202297e-05], [-0.0003714179485089859, 0.001995472475442924, 0.0004401772004985634, -0.0008228608784098994], [0.015524231327026915, 0.057076072591077484, 0.023967397229808302, 0.007188847047994447], [0.0022982350419404603, 0.01001145056237915, 0.004297875291845614, 7.456128516904171e-05], [0.003063361329450413, 0.014702701714141174, 0.005597342453860989, 0.0010165860569551586]], "mse": [[0.01909859451362595, 0.09808102506857909, 0.01964155577297165, 0.010003274509372165], [0.015480727404993965, 0.06025486126811473, 0.0129349356158954, 0.009203752411618986], [0.01619831896597834, 0.06643495798867513, 0.013986802460295066, 0.009472054440377102], [0.015209107806132115, 0.06132617358582552, 0.013369482938104667, 0.008946548284517242], [0.017585764999239386, 0.09765682535737445, 0.01796069125726652, 0.010122225982340683]], "mape": [[0.054832177701431374, 0.0353741435411983, 0.037147164155804914, 0.07858405171207249], [0.049104434147504136, 0.02754684506751401, 0.03026984084796512, 0.07511573745827403], [0.049913614058851793, 0.02867543060128471, 0.03099430885037115, 0.07589532287510269], [0.048428653577356796, 0.027673102909862964, 0.03069875676645109, 0.07351264017629419], [0.05271727071537446, 0.035132027799606134, 0.035505493687642616, 0.07928587760636967]], "comp": [0.0006922607421874997, 0.0008183739185333252, 0.013213477611541749, 0.01844227910041809, 0.002692876100540161], "coverage": [[0.947, 0.9419999999999998, 0.945, 0.935], [0.944, 0.9399999999999998, 0.941, 0.942], [0.948, 0.939, 0.9409999999999997, 0.938], [0.944, 0.9409999999999998, 0.9399999999999998, 0.938], [0.946, 0.942, 0.939, 0.935]]}