{"n_experiments": 1000, "bias": [[0.12210312495373954, 0.3407144004126787, 0.12269450940444974, 0.07794081342671473], [0.08915324495188888, 0.23865934445364667, 0.08235752444969613, 0.06281764878533973], [0.10136205114237803, 0.2801134730302768, 0.09967797728332808, 0.06927151181148533], [0.08314658439049852, 0.22105295485488566, 0.07471542820317058, 0.05989406744021863], [0.15903170914354695, 0.5089656781684873, 0.18904017517670796, 0.10248390912104031]], "mse": [[0.48737905929386505, 2.5297217634116373, 0.4640315967861573, 0.24988625937879394], [0.36672983087687744, 1.473440065511718, 0.2977815552080045, 0.21571083235777222], [0.3766860738913293, 1.558361293988119, 0.31003030670427906, 0.21980635892357855], [0.36003194690660256, 1.4354227921718135, 0.29431985359062635, 0.21288945532359768], [0.4594438485254171, 2.718236230062137, 0.47001832694348206, 0.26007146641975193]], "mape": [[0.26321646503276086, 0.1690740193611783, 0.1725476714642602, 0.3785699700257154], [0.23049621980855928, 0.13240618999088277, 0.14235108983474312, 0.3580109645824712], [0.23371961073527178, 0.135266942748962, 0.14437713699557894, 0.362081548004442], [0.22850336961186227, 0.13100038685856955, 0.1418033202137459, 0.3564339393628344], [0.25519720839501325, 0.17566829753290344, 0.17248268547320342, 0.3877145406854429]], "comp": [0.0005229091644287126, 0.0005836315155029292, 0.01127122449874879, 0.015254674673080445, 0.001448123455047607], "coverage": [[0.932, 0.9049999999999999, 0.919, 0.928], [0.936, 0.9079999999999999, 0.927, 0.956], [0.937, 0.904, 0.9199999999999998, 0.939], [0.933, 0.9089999999999999, 0.924, 0.933], [0.92, 0.898, 0.891, 0.9279999999999999]]}