{"n_experiments": 3000, "bias": [[0.0323791575548355, 0.0368550597452182, 0.0285259310171451, 0.030930483858266522], [0.01289364875767014, 0.018754392770709713, 0.010653299169215374, 0.011996911481701513], [0.011917448953947633, 0.017223319064675835, 0.009251120668160516, 0.01080021773109955], [0.01288925897433325, 0.018753336175029556, 0.010644293733027803, 0.011991381790441397], [0.062309299270408104, 0.0782439971853956, 0.0587970601188159, 0.07133667638529415]], "mse": [[0.08206908859658284, 0.08236447576767762, 0.08452682973238933, 0.07871513704001767], [0.057396850152200196, 0.06038446379436361, 0.06325097479031584, 0.055111979784024795], [0.05744730605154381, 0.05922481589361164, 0.062379985652908136, 0.05468743785554415], [0.057394666518570774, 0.060382707980002275, 0.06325336576347902, 0.055114377555993646], [0.07658543946485862, 0.0973581282442722, 0.08152799722681951, 0.09237243455624218]], "mape": [[0.22404717051168746, 0.21783505401038392, 0.2246237639987623, 0.21581073894605027], [0.19062760067340861, 0.1909857703504064, 0.197107831463897, 0.18648909777340908], [0.1901942511050486, 0.18950990834954098, 0.1954316275757996, 0.18532171824917326], [0.19062673428420499, 0.19098223709294598, 0.1971083318402392, 0.1864941329746488], [0.21416045983036489, 0.23384624544977675, 0.21913894466762796, 0.22985538019572824]], "comp": [0.00036070823669433563, 0.0006520564556121809, 0.0048661183516184444, 0.012894694884618129, 0.0009124268690745033], "coverage": [[0.0, 0.0, 0.0, 0.0], [0.0, 0.0, 0.0, 0.0], [0.0, 0.0, 0.0, 0.0], [0.0, 0.0, 0.0, 0.0], [0.0, 0.0, 0.0, 0.0]]}