{"n_experiments": 3000, "bias": [[-0.0014502761456367062, 0.0005856512314321201, -0.0003548793084651155, -0.00036703356262381343, -0.00564816065436014], [-0.0014502761456367012, 0.0005856512314321184, -0.00016437753622372217, -0.00017541245095737608, -0.0056481606543601365], [-0.0014502761456367036, 0.0005856512314321181, -0.00016414514620245429, -0.0001751793218053103, -0.005648297199083704], [-0.0014508384816883035, 0.000587474695914362, -0.00016431156101617944, -0.00017532472545805352, -0.005648160843245024], [-0.0014339062542368147, 0.00014264487943083736, -0.0022326285165532324, -0.0022710873760649433, -0.0056481606543601305]], "mse": [[0.0008584923880693451, 0.0008241339393583674, 4.2659102930523736e-05, 4.2511734567634936e-05, 0.019895016177612364], [0.0008584923880693447, 0.0008241339393583669, 2.251299678168919e-05, 2.2435274808930635e-05, 0.019895016177612364], [0.0008584923880693449, 0.0008241339393583675, 2.2511999882797725e-05, 2.2434332021670224e-05, 0.019894978850381936], [0.0008586519566574158, 0.0008241650188514349, 2.25131189824144e-05, 2.2435319606826154e-05, 0.019895016320226538], [0.0008179982031770848, 0.0009352921507733734, 3.9329056335156994e-05, 3.9197766345671665e-05, 0.019895016177612364]], "mape": [[0.04634011820129309, 0.04605861862590684, 0.11934773638851802, 0.11892874345392791, 1.1252443681619455], [0.04634011820129316, 0.04605861862590684, 0.08689114969141773, 0.08663846968359476, 1.125244368161945], [0.046340118201293044, 0.04605861862590686, 0.0868883366774221, 0.08663588889027572, 1.1252434045017718], [0.04634375717432649, 0.04605710088981897, 0.08689096115233626, 0.08663923351444805, 1.1252443724494672], [0.04512527448031558, 0.049332950395036636, 0.11716107604601317, 0.11709433777867172, 1.1252443681619455]], "comp": 0, "coverage": 0}