{"n_experiments": 2000, "bias": [[0.041048720754881, 0.04194759873899712, 0.00044027088390458124, 0.00042020403920405193, 0.20934525192144535], [0.04104872075488101, 0.04194759873899712, 0.000368525459458929, 0.0003977216953486037, 0.20934525192144518], [-0.0002519270499793001, 0.000658903168641357, -0.00013010854363658614, -9.829914335202178e-05, 0.3002791424901694], [0.09580457324976512, 0.0966755390114496, 0.0018833571013427983, 0.0019108127263784364, 0.06921187433507432], [NaN, NaN, NaN, NaN, NaN]], "mse": [[0.0023092852322102396, 0.002362928261233248, 4.028511705846818e-05, 3.700259601600294e-05, 0.04447187230150374], [0.0023092852322102396, 0.0023629282612332484, 2.8943158876525197e-05, 2.8672270957190332e-05, 0.0444718723015037], [0.0006334978066677079, 0.0006464462937395167, 2.9573325699840825e-05, 2.9176539358122197e-05, 0.09051593560532871], [0.009957487978479479, 0.010058736168340153, 3.7856877149560435e-05, 3.7921218683694544e-05, 0.006782827073175876], [NaN, NaN, NaN, NaN, NaN]], "mape": [[0.13870366681058466, 0.14152231445598365, 0.15149245182653137, 0.14491109134357502, 3.410780133817709e-05], [0.13870366681058466, 0.14152231445598368, 0.12658201895499702, 0.12612642777785313, 3.410780133784105e-05], [0.06591950387529587, 0.06589659939401149, 0.12867310482494246, 0.1278330795331876, 2.820828750586349e-05], [0.3160406070054066, 0.3189669992226447, 0.14382132821134858, 0.1438943696735484, 3.871935914312859e-05], [NaN, NaN, NaN, NaN, NaN]], "comp": 0, "coverage": 0}